1,0,0,0,0,0,0,0,0,0,1,0
2,0,0,0,1,1,0,1,1,0,2,3
3,0,0,0,0,0,0,0,0,0,1,0
4,0,0,0,3,3,0,3,3,0,2,3
5,0,0,0,0,0,0,1,0,0,2,4
6,5,0,0,5,5,0,5,5,5,2,4
7,0,0,0,0,0,0,5,5,5,2,6
8,0,0,0,5,1242,5,5,1242,5,2,3
9,0,0,0,1242,5,1242,1242,5,1242,2,1
10,5,5,0,5,5,0,5,5,0,2,3
11,0,0,0,5,5,5,5,5,5,2,2
12,0,0,0,0,0,0,5,5,0,2,1
13,0,0,0,0,0,0,5,0,0,2,1
14,0,0,0,0,0,0,0,0,0,1,0
15,0,0,0,14,14,0,14,14,0,2,3
16,0,0,0,0,0,0,0,0,0,1,0
17,0,0,0,16,16,0,16,16,0,2,3
18,0,0,0,0,0,0,14,0,0,2,4
19,18,0,0,18,18,0,18,18,18,2,4
20,0,0,0,0,0,0,18,18,18,2,6
21,0,0,0,18,1242,18,18,1242,18,2,3
22,0,0,0,1242,18,1242,1242,18,1242,2,1
23,18,18,0,18,18,0,18,18,0,2,3
24,0,0,0,18,18,18,18,18,18,2,2
25,0,0,0,0,0,0,18,18,0,2,1
26,0,0,0,0,0,0,18,0,0,2,1
27,0,0,0,0,0,0,0,0,0,1,0
28,0,0,0,27,27,0,27,27,0,2,3
29,0,0,0,0,0,0,0,0,0,1,0
30,0,0,0,29,29,0,29,29,0,2,3
31,0,0,0,0,0,0,27,0,0,2,4
32,31,0,0,31,31,0,31,31,31,2,4
33,0,0,0,0,0,0,31,31,31,2,6
34,0,0,0,31,1242,31,31,1242,31,2,3
35,0,0,0,1242,31,1242,1242,31,1242,2,1
36,31,31,0,31,31,0,31,31,0,2,3
37,0,0,0,31,31,31,31,31,31,2,2
38,0,0,0,0,0,0,31,31,0,2,1
39,0,0,0,0,0,0,31,0,0,2,1
40,0,0,0,0,0,0,0,0,0,1,0
41,0,0,0,0,40,40,0,40,40,2,3
42,0,0,0,0,0,0,0,0,0,1,0
43,0,0,0,0,42,42,0,42,42,2,3
44,0,0,0,0,0,0,40,0,0,2,4
45,44,0,0,44,44,0,44,44,44,2,4
46,0,0,0,0,0,0,44,44,44,2,6
47,0,0,0,44,1242,44,44,1242,44,2,3
48,0,0,0,1242,44,1242,1242,44,1242,2,1
49,44,44,0,44,44,0,44,44,0,2,3
50,0,0,0,44,44,44,44,44,44,2,2
51,0,0,0,0,0,0,44,44,0,2,1
52,0,0,0,0,0,0,44,0,0,2,1
53,0,0,0,0,0,0,0,0,0,1,0
54,0,0,0,53,53,0,53,53,0,2,3
55,0,0,0,0,0,0,0,0,0,1,0
56,0,0,0,55,55,0,55,55,0,2,3
57,0,0,0,0,0,0,53,0,0,2,4
58,57,0,0,57,57,0,57,57,57,2,4
59,0,0,0,0,0,0,57,57,57,2,6
60,0,0,0,57,1242,57,57,1242,57,2,3
61,0,0,0,1242,57,1242,1242,57,1242,2,1
62,57,57,0,57,57,0,57,57,0,2,3
63,0,0,0,57,57,57,57,57,57,2,2
64,0,0,0,0,0,0,57,57,0,2,1
65,0,0,0,0,0,0,57,0,0,2,1
66,0,0,0,0,0,0,0,0,0,1,0
67,0,0,0,66,66,0,66,66,0,2,3
68,0,0,0,0,0,0,0,0,0,1,0
69,0,0,0,68,68,0,68,68,0,2,3
70,0,0,0,0,0,0,66,0,0,2,4
71,70,0,0,70,70,0,70,70,70,2,4
72,0,0,0,0,0,0,70,70,70,2,6
73,0,0,0,70,1242,70,70,1242,70,2,3
74,0,0,0,1242,70,1242,1242,70,1242,2,1
75,70,70,0,70,70,0,70,70,0,2,3
76,0,0,0,70,70,70,70,70,70,2,2
77,0,0,0,0,0,0,70,70,0,2,1
78,0,0,0,0,0,0,70,0,0,2,1
79,0,0,0,0,0,0,0,0,0,1,0
80,0,0,0,79,79,0,79,79,0,2,3
81,0,0,0,0,0,0,0,0,0,1,0
82,0,0,0,81,81,0,81,81,0,2,3
83,0,0,0,0,0,0,83,0,0,2,4
84,83,0,0,83,83,0,83,83,83,2,4
85,0,0,0,0,0,0,83,83,83,2,6
86,0,0,0,83,1242,83,83,1242,83,2,3
87,0,0,0,1242,83,1242,1242,83,1242,2,1
88,83,83,0,83,83,0,83,83,0,2,3
89,0,0,0,83,83,83,83,83,83,2,2
90,0,0,0,0,0,0,83,83,0,2,1
91,0,0,0,0,0,0,83,0,0,2,1
92,0,0,0,0,0,0,0,0,0,1,0
93,0,0,0,92,92,0,92,92,0,2,3
94,0,0,0,0,0,0,0,0,0,1,0
95,0,0,0,94,94,0,94,94,0,2,3
96,0,0,0,0,0,0,92,0,0,2,4
97,96,0,0,96,96,0,96,96,96,2,4
98,0,0,0,0,0,0,96,96,96,2,6
99,0,0,0,96,1242,96,96,1242,96,2,3
100,0,0,0,1242,96,1242,1242,96,1242,2,1
101,96,96,0,96,96,0,96,96,0,2,3
102,0,0,0,96,96,96,96,96,96,2,2
103,0,0,0,0,0,0,96,96,0,2,1
104,0,0,0,0,0,0,96,0,0,2,1
105,657,657,657,657,657,657,657,657,657,2,1
106,0,0,0,0,0,0,0,0,0,1,0
107,0,0,0,0,0,0,105,0,0,2,2
108,0,0,0,111,0,0,111,0,0,2,1
109,107,0,0,107,107,0,107,107,107,2,4
110,108,0,0,108,108,0,108,108,108,2,4
111,0,0,0,0,0,0,107,107,107,2,6
112,0,0,0,0,0,0,108,108,108,2,6
113,0,0,0,107,1242,107,107,1242,107,2,3
114,0,0,0,1242,107,1242,1242,107,1242,2,1
115,107,107,0,107,107,0,107,107,0,2,3
116,0,0,0,107,107,107,107,107,107,2,2
117,0,0,0,0,0,0,107,107,0,2,1
118,0,0,0,0,0,0,107,0,0,2,1
119,0,0,0,0,0,0,0,0,0,1,0
120,0,0,0,119,119,0,119,119,0,2,3
121,0,0,0,0,0,0,0,0,0,1,0
122,0,0,0,121,121,0,121,121,0,2,3
123,0,0,0,0,0,0,119,0,0,2,4
124,123,0,0,123,123,0,123,123,123,2,4
125,0,0,0,0,0,0,123,123,123,2,6
126,0,0,0,123,1242,123,123,1242,123,2,3
127,0,0,0,1242,127,1242,1242,127,1242,2,1
128,123,123,0,123,123,0,123,123,0,2,3
129,0,0,0,123,123,123,123,123,123,2,2
130,0,0,0,0,0,0,123,123,0,2,1
131,0,0,0,0,0,0,123,0,0,2,1
132,0,0,0,0,0,0,0,0,0,1,0
133,0,0,0,132,132,0,132,132,0,2,3
134,0,0,0,0,0,0,0,0,0,1,0
135,0,0,0,134,134,0,134,134,0,2,3
136,0,0,0,0,0,0,132,0,0,2,4
137,136,0,0,136,136,0,136,136,136,2,4
138,0,0,0,0,0,0,136,136,136,2,6
139,0,0,0,136,1242,136,136,1242,136,2,3
140,0,0,0,1242,136,1242,1242,136,1242,2,1
141,136,136,0,136,136,0,136,136,0,2,3
142,0,0,0,136,136,136,136,136,136,2,2
143,0,0,0,0,0,0,136,136,0,2,1
144,0,0,0,0,0,0,136,0,0,2,1
145,150,1225,0,0,0,0,0,0,0,4,1
146,145,0,0,145,145,0,145,145,145,2,4
147,0,0,0,0,0,0,145,145,145,2,6
148,0,0,0,0,0,0,145,145,0,2,1
149,0,0,0,0,0,0,145,0,0,2,1
150,0,0,0,0,0,0,0,0,0,1,0
151,150,0,0,150,150,0,150,150,150,2,4
152,0,0,0,0,0,0,150,150,150,2,6
153,0,0,0,150,150,150,150,150,150,2,6
154,0,0,0,0,0,0,150,666,0,2,1
154,0,0,0,0,0,0,150,565,0,2,1
155,154,0,0,154,154,0,154,154,154,2,4
156,0,0,0,0,0,0,154,154,154,2,6
157,0,0,0,154,154,154,154,154,154,2,6
158,145,1225,0,0,0,0,0,0,0,4,1
159,0,0,0,0,0,0,158,158,158,2,6
160,0,0,0,145,145,0,145,145,0,2,4
161,160,1225,0,0,0,0,0,0,0,4,1
162,160,0,0,160,160,0,160,160,160,2,4
163,0,0,0,0,0,0,160,160,160,2,6
164,0,0,0,160,160,160,160,160,160,2,6
165,0,0,0,163,0,0,163,0,0,2,1
166,0,0,0,0,0,0,160,666,0,2,1
166,0,0,0,0,0,0,160,565,0,2,1
167,166,0,0,166,166,0,166,166,166,2,4
168,0,0,0,0,0,0,166,166,166,2,6
169,0,0,0,166,166,166,166,166,166,2,6
170,0,0,0,0,0,0,177,1233,0,2,1
171,170,0,0,170,170,0,170,170,170,2,4
172,0,0,0,0,0,0,170,170,170,2,6
173,0,0,0,170,170,170,170,170,170,2,6
174,0,0,0,170,170,0,170,170,0,2,4
175,174,0,0,174,174,0,174,174,174,2,4
176,0,0,0,0,0,0,174,174,174,2,6
177,0,0,0,150,1233,0,1233,150,0,2,2
178,177,0,0,177,177,0,177,177,177,2,4
179,0,0,0,0,0,0,177,177,177,2,6
180,0,0,0,177,177,177,177,177,177,2,6
181,0,0,0,177,177,0,177,177,0,2,4
182,181,0,0,181,181,0,181,181,181,2,4
183,0,0,0,0,0,0,181,181,181,2,6
184,0,0,0,0,0,0,177,150,0,2,2
185,184,0,0,184,184,0,184,184,184,2,4
186,0,0,0,0,0,0,184,184,184,2,6
187,0,0,0,184,184,184,184,184,184,2,6
188,0,0,0,184,184,0,184,184,0,2,4
189,188,0,0,188,188,0,188,188,188,2,4
190,0,0,0,0,0,0,188,188,188,2,6
191,192,1225,0,0,0,0,192,1225,0,4,1
192,0,0,0,0,0,0,0,0,0,1,0
193,192,0,0,192,192,0,192,192,192,2,4
194,0,0,0,0,0,0,192,192,192,2,6
195,0,0,0,192,192,192,192,192,192,2,6
196,0,0,0,194,0,0,194,0,0,2,1
197,0,0,0,192,192,0,192,192,0,2,4
198,197,0,0,197,197,0,197,197,197,2,4
199,0,0,0,0,0,0,197,197,197,2,6
200,0,0,0,197,197,197,197,197,197,2,6
201,0,0,0,197,197,0,197,197,0,2,4
202,201,1225,0,0,0,0,0,0,0,4,1
203,201,0,0,201,201,0,201,201,201,2,4
204,0,0,0,0,0,0,201,201,201,2,6
205,0,0,0,201,201,201,201,201,201,2,6
206,0,0,0,201,201,0,201,201,0,2,4
207,206,1225,0,0,0,0,0,0,0,4,1
208,206,0,0,206,206,0,206,206,206,2,4
209,0,0,0,0,0,0,206,206,206,2,6
210,0,0,0,206,206,206,206,206,206,2,6
211,0,0,0,0,0,0,0,0,0,1,0
212,0,0,0,1282,1282,0,1282,1282,0,2,1
213,212,0,0,212,212,0,212,212,212,2,4
214,0,0,0,0,0,0,212,212,212,2,6
215,0,0,0,212,212,212,212,212,212,2,6
216,0,0,0,0,0,0,555,1244,0,2,1
217,0,0,0,216,216,0,216,216,0,2,1
218,217,0,0,217,217,0,217,217,217,2,4
219,0,0,0,0,0,0,217,217,217,2,6
220,0,0,0,217,217,217,217,217,217,2,6
221,0,0,0,558,558,0,558,558,0,2,1
222,221,0,0,221,221,0,221,221,221,2,4
223,0,0,0,0,0,0,221,221,221,2,6
224,0,0,0,221,221,221,221,221,221,2,6
225,0,0,0,223,223,0,223,223,0,2,1
226,221,1225,0,0,0,0,0,0,0,4,1
227,226,0,0,226,226,0,226,226,226,2,4
228,0,0,0,0,0,0,226,226,226,2,6
229,0,0,0,221,221,0,221,221,0,2,4
230,0,0,0,0,0,0,221,221,221,2,6
231,559,1225,0,0,0,0,0,0,0,2,1
232,231,0,0,231,231,0,231,231,231,2,4
233,0,0,0,0,0,0,231,231,231,2,6
234,0,0,0,231,231,231,231,231,231,2,6
235,0,0,0,233,0,0,233,0,0,2,1
236,231,1225,0,0,0,0,0,0,0,4,1
237,236,0,0,236,236,0,236,236,236,2,4
238,0,0,0,0,0,0,236,236,236,2,6
239,0,0,0,231,231,0,231,231,0,2,4
240,0,0,0,0,0,0,239,239,239,2,6
241,1255,1256,1255,1256,1256,1256,1255,1256,1255,2,1
242,0,0,0,1255,1255,0,1255,1255,0,2,1
243,242,0,0,242,242,0,242,242,242,2,4
244,0,0,0,0,0,0,242,242,242,2,6
245,0,0,0,242,242,242,242,242,242,2,6
246,1255,1255,1255,1255,1255,1255,1255,1255,1255,2,1
247,246,0,0,246,246,0,246,246,246,2,4
248,0,0,0,0,0,0,246,246,246,2,6
249,1255,1255,1255,1255,1268,1255,1255,1255,1255,2,1
250,249,0,0,249,249,0,249,249,249,2,4
251,0,0,0,0,0,0,249,249,249,2,6
252,0,0,0,0,0,0,0,0,0,1,0
253,0,0,0,1283,1283,0,1283,1283,0,2,1
254,253,1225,0,0,0,0,0,0,0,4,1
255,253,0,0,253,253,0,253,253,253,2,4
256,0,0,0,0,0,0,253,253,253,2,6
257,0,0,0,253,253,253,253,253,253,2,6
258,0,0,0,253,1283,253,253,1283,253,2,6
259,0,0,0,256,0,0,256,0,0,2,1
260,0,0,0,692,1283,0,1283,692,0,2,1
261,260,0,0,260,260,0,260,260,260,2,4
262,0,0,0,0,0,0,260,260,260,2,6
263,0,0,0,262,262,262,262,262,262,2,6
264,0,0,0,0,0,0,0,0,0,1,0
265,0,0,0,264,264,0,264,264,0,2,4
266,264,1225,0,0,0,0,0,0,0,4,1
267,0,0,0,0,0,0,0,0,0,1,0
268,0,0,0,0,0,0,0,0,0,1,0
269,267,0,0,267,267,0,267,267,267,2,4
270,0,0,0,0,0,0,267,267,267,2,6
271,0,0,0,267,267,267,267,267,267,2,6
272,0,0,0,275,0,0,275,0,0,2,1
273,0,0,0,264,264,0,264,264,0,2,0
274,273,0,0,273,273,0,273,273,273,2,4
275,0,0,0,0,0,0,273,273,273,2,6
276,0,0,0,273,273,273,273,273,273,2,6
277,0,0,0,0,0,0,273,273,0,2,1
278,0,0,0,0,0,0,273,0,0,2,1
279,0,0,0,273,273,0,273,273,0,2,4
280,279,1225,0,0,0,0,0,0,0,4,1
281,279,0,0,279,279,0,279,279,279,2,4
282,0,0,0,0,0,0,279,279,279,2,6
283,0,0,0,279,279,279,279,279,279,2,6
284,0,0,0,0,0,0,0,0,0,1,0
285,0,0,0,284,284,0,284,284,0,2,4
286,285,0,0,285,285,0,285,285,285,2,4
287,0,0,0,0,0,0,285,285,285,2,6
288,0,0,0,285,285,285,285,285,285,2,6
289,0,0,0,1262,1262,0,1262,1262,0,2,4
290,0,0,0,292,0,0,292,0,0,2,1
291,289,0,0,289,289,0,289,289,289,2,4
291,290,0,0,290,290,0,290,290,290,2,4
292,0,0,0,0,0,0,289,289,289,2,6
293,1225,1225,1225,1225,1225,1225,1225,1225,1225,2,1
294,1237,1237,1237,1237,1237,1237,1237,1237,1237,2,1
295,0,0,0,1237,1237,1237,1237,1237,1237,2,16
296,1237,1237,0,1237,1237,0,1237,1237,0,2,3
297,0,0,0,1237,1237,0,1237,1237,0,2,1
298,0,0,0,0,0,0,1237,1237,0,2,1
299,0,1235,0,0,1237,0,0,1235,0,2,1
300,1239,1239,1239,1239,1239,1239,1239,1239,1239,2,1
301,0,0,0,0,0,0,1239,1239,0,2,1
302,841,841,841,841,841,841,841,841,841,2,1
303,1230,1230,1230,1230,1230,1230,1230,1230,1230,2,1
304,1231,1231,1231,1231,1231,1231,1231,1231,1231,2,1
305,1232,1232,1232,1232,1232,1232,1232,1232,1232,2,1
306,1241,1241,1241,1241,1241,1241,1241,1241,1241,2,1
307,1233,1233,1233,1233,1233,1233,1233,1233,1233,2,1
308,307,0,0,307,307,0,307,307,307,2,4
309,0,0,0,0,0,0,307,307,307,2,6
310,0,0,0,309,0,0,309,0,0,2,1
311,0,0,0,307,307,0,307,307,0,2,4
312,0,0,0,307,0,0,307,0,0,2,2
313,307,1225,0,0,0,0,0,0,0,4,1
314,313,0,0,313,313,0,313,313,313,2,4
315,0,0,0,0,0,0,313,313,313,2,6
316,0,0,0,1234,1234,0,1234,1234,0,2,1
317,1238,1238,1238,1238,1238,1238,1238,1238,1238,2,1
318,0,0,0,317,317,0,317,317,0,2,4
319,318,0,0,318,318,0,318,318,318,2,4
320,0,0,0,0,0,0,318,318,318,2,6
321,0,0,0,0,0,0,0,0,0,1,0
322,0,0,0,321,321,0,321,321,0,2,4
323,322,0,0,322,322,0,322,322,322,2,4
324,0,0,0,0,0,0,322,322,322,2,6
325,0,0,0,0,0,0,0,0,0,1,0
326,0,0,0,325,325,0,325,325,0,2,4
327,326,0,0,326,326,0,326,326,326,2,4
328,0,0,0,0,0,0,326,326,326,2,6
329,0,0,0,0,0,0,0,0,0,1,0
330,0,0,0,329,329,0,329,329,0,2,4
331,330,0,0,330,330,0,330,330,330,2,4
332,0,0,0,0,0,0,330,330,330,2,6
333,0,0,0,0,0,0,317,1249,0,2,1
334,0,0,0,334,334,0,334,334,0,2,4
335,334,0,0,334,334,0,334,334,334,2,4
336,0,0,0,0,0,0,334,334,334,2,6
337,0,0,0,0,0,0,321,1249,0,2,1
338,0,0,0,337,337,0,337,337,0,2,4
339,338,0,0,338,338,0,338,338,338,2,4
340,0,0,0,0,0,0,338,338,338,2,6
341,0,0,0,0,0,0,325,1249,0,2,1
342,0,0,0,341,341,0,341,341,0,2,4
343,343,0,0,343,343,0,343,343,343,2,4
344,0,0,0,0,0,0,343,343,343,2,6
345,0,0,0,0,0,0,329,1249,0,2,1
346,0,0,0,345,345,0,345,345,0,2,4
347,346,0,0,346,346,0,346,346,346,2,4
348,0,0,0,0,0,0,346,346,346,2,6
349,0,0,0,848,848,0,848,848,0,2,1
349,0,0,0,0,0,0,350,1265,0,2,1
349,0,0,0,0,0,0,351,1265,0,2,1
349,0,0,0,0,0,0,352,1265,0,2,1
349,0,0,0,0,0,0,353,1265,0,2,1
349,0,0,0,0,0,0,354,1265,0,2,1
349,0,0,0,0,0,0,355,1265,0,2,1
349,0,0,0,0,0,0,356,1265,0,2,1
349,0,0,0,0,0,0,357,1265,0,2,1
349,0,0,0,0,0,0,358,1265,0,2,1
349,0,0,0,0,0,0,359,1265,0,2,1
349,0,0,0,0,0,0,360,1265,0,2,1
349,0,0,0,0,0,0,361,1265,0,2,1
349,0,0,0,0,0,0,362,1265,0,2,1
349,0,0,0,0,0,0,363,1265,0,2,1
349,0,0,0,0,0,0,364,1265,0,2,1
350,0,0,0,0,0,0,349,1266,0,2,1
350,0,0,0,0,0,0,351,1266,0,2,1
350,0,0,0,0,0,0,352,1266,0,2,1
350,0,0,0,0,0,0,353,1266,0,2,1
350,0,0,0,0,0,0,354,1266,0,2,1
350,0,0,0,0,0,0,355,1266,0,2,1
350,0,0,0,0,0,0,356,1266,0,2,1
350,0,0,0,0,0,0,357,1266,0,2,1
350,0,0,0,0,0,0,358,1266,0,2,1
350,0,0,0,0,0,0,359,1266,0,2,1
350,0,0,0,0,0,0,360,1266,0,2,1
350,0,0,0,0,0,0,361,1266,0,2,1
350,0,0,0,0,0,0,362,1266,0,2,1
350,0,0,0,0,0,0,363,1266,0,2,1
350,0,0,0,0,0,0,364,1266,0,2,1
351,0,0,0,0,0,0,349,1267,0,2,1
351,0,0,0,0,0,0,350,1267,0,2,1
351,0,0,0,0,0,0,352,1267,0,2,1
351,0,0,0,0,0,0,353,1267,0,2,1
351,0,0,0,0,0,0,354,1267,0,2,1
351,0,0,0,0,0,0,355,1267,0,2,1
351,0,0,0,0,0,0,356,1267,0,2,1
351,0,0,0,0,0,0,357,1267,0,2,1
351,0,0,0,0,0,0,358,1267,0,2,1
351,0,0,0,0,0,0,359,1267,0,2,1
351,0,0,0,0,0,0,360,1267,0,2,1
351,0,0,0,0,0,0,361,1267,0,2,1
351,0,0,0,0,0,0,362,1267,0,2,1
351,0,0,0,0,0,0,363,1267,0,2,1
351,0,0,0,0,0,0,364,1267,0,2,1
352,0,0,0,0,0,0,349,1268,0,2,1
352,0,0,0,0,0,0,350,1268,0,2,1
352,0,0,0,0,0,0,351,1268,0,2,1
352,0,0,0,0,0,0,353,1268,0,2,1
352,0,0,0,0,0,0,354,1268,0,2,1
352,0,0,0,0,0,0,355,1268,0,2,1
352,0,0,0,0,0,0,356,1268,0,2,1
352,0,0,0,0,0,0,357,1268,0,2,1
352,0,0,0,0,0,0,358,1268,0,2,1
352,0,0,0,0,0,0,359,1268,0,2,1
352,0,0,0,0,0,0,360,1268,0,2,1
352,0,0,0,0,0,0,361,1268,0,2,1
352,0,0,0,0,0,0,362,1268,0,2,1
352,0,0,0,0,0,0,363,1268,0,2,1
352,0,0,0,0,0,0,364,1268,0,2,1
353,0,0,0,0,0,0,349,1269,0,2,1
353,0,0,0,0,0,0,350,1269,0,2,1
353,0,0,0,0,0,0,351,1269,0,2,1
353,0,0,0,0,0,0,352,1269,0,2,1
353,0,0,0,0,0,0,354,1269,0,2,1
353,0,0,0,0,0,0,355,1269,0,2,1
353,0,0,0,0,0,0,356,1269,0,2,1
353,0,0,0,0,0,0,357,1269,0,2,1
353,0,0,0,0,0,0,358,1269,0,2,1
353,0,0,0,0,0,0,359,1269,0,2,1
353,0,0,0,0,0,0,360,1269,0,2,1
353,0,0,0,0,0,0,361,1269,0,2,1
353,0,0,0,0,0,0,362,1269,0,2,1
353,0,0,0,0,0,0,363,1269,0,2,1
353,0,0,0,0,0,0,364,1269,0,2,1
354,0,0,0,0,0,0,349,1270,0,2,1
354,0,0,0,0,0,0,350,1270,0,2,1
354,0,0,0,0,0,0,351,1270,0,2,1
354,0,0,0,0,0,0,352,1270,0,2,1
354,0,0,0,0,0,0,353,1270,0,2,1
354,0,0,0,0,0,0,355,1270,0,2,1
354,0,0,0,0,0,0,356,1270,0,2,1
354,0,0,0,0,0,0,357,1270,0,2,1
354,0,0,0,0,0,0,358,1270,0,2,1
354,0,0,0,0,0,0,359,1270,0,2,1
354,0,0,0,0,0,0,360,1270,0,2,1
354,0,0,0,0,0,0,361,1270,0,2,1
354,0,0,0,0,0,0,362,1270,0,2,1
354,0,0,0,0,0,0,363,1270,0,2,1
354,0,0,0,0,0,0,364,1270,0,2,1
355,0,0,0,0,0,0,349,1271,0,2,1
355,0,0,0,0,0,0,350,1271,0,2,1
355,0,0,0,0,0,0,351,1271,0,2,1
355,0,0,0,0,0,0,352,1271,0,2,1
355,0,0,0,0,0,0,353,1271,0,2,1
355,0,0,0,0,0,0,354,1271,0,2,1
355,0,0,0,0,0,0,356,1271,0,2,1
355,0,0,0,0,0,0,357,1271,0,2,1
355,0,0,0,0,0,0,358,1271,0,2,1
355,0,0,0,0,0,0,359,1271,0,2,1
355,0,0,0,0,0,0,360,1271,0,2,1
355,0,0,0,0,0,0,361,1271,0,2,1
355,0,0,0,0,0,0,362,1271,0,2,1
355,0,0,0,0,0,0,363,1271,0,2,1
355,0,0,0,0,0,0,364,1271,0,2,1
356,0,0,0,0,0,0,349,1272,0,2,1
356,0,0,0,0,0,0,350,1272,0,2,1
356,0,0,0,0,0,0,351,1272,0,2,1
356,0,0,0,0,0,0,352,1272,0,2,1
356,0,0,0,0,0,0,353,1272,0,2,1
356,0,0,0,0,0,0,354,1272,0,2,1
356,0,0,0,0,0,0,355,1272,0,2,1
356,0,0,0,0,0,0,357,1272,0,2,1
356,0,0,0,0,0,0,358,1272,0,2,1
356,0,0,0,0,0,0,359,1272,0,2,1
356,0,0,0,0,0,0,360,1272,0,2,1
356,0,0,0,0,0,0,361,1272,0,2,1
356,0,0,0,0,0,0,362,1272,0,2,1
356,0,0,0,0,0,0,363,1272,0,2,1
356,0,0,0,0,0,0,364,1272,0,2,1
357,0,0,0,0,0,0,349,1273,0,2,1
357,0,0,0,0,0,0,350,1273,0,2,1
357,0,0,0,0,0,0,351,1273,0,2,1
357,0,0,0,0,0,0,352,1273,0,2,1
357,0,0,0,0,0,0,353,1273,0,2,1
357,0,0,0,0,0,0,354,1273,0,2,1
357,0,0,0,0,0,0,355,1273,0,2,1
357,0,0,0,0,0,0,356,1273,0,2,1
357,0,0,0,0,0,0,358,1273,0,2,1
357,0,0,0,0,0,0,359,1273,0,2,1
357,0,0,0,0,0,0,360,1273,0,2,1
357,0,0,0,0,0,0,361,1273,0,2,1
357,0,0,0,0,0,0,362,1273,0,2,1
357,0,0,0,0,0,0,363,1273,0,2,1
357,0,0,0,0,0,0,364,1273,0,2,1
358,0,0,0,0,0,0,349,1274,0,2,1
358,0,0,0,0,0,0,350,1274,0,2,1
358,0,0,0,0,0,0,351,1274,0,2,1
358,0,0,0,0,0,0,352,1274,0,2,1
358,0,0,0,0,0,0,353,1274,0,2,1
358,0,0,0,0,0,0,354,1274,0,2,1
358,0,0,0,0,0,0,355,1274,0,2,1
358,0,0,0,0,0,0,356,1274,0,2,1
358,0,0,0,0,0,0,357,1274,0,2,1
358,0,0,0,0,0,0,359,1274,0,2,1
358,0,0,0,0,0,0,360,1274,0,2,1
358,0,0,0,0,0,0,361,1274,0,2,1
358,0,0,0,0,0,0,362,1274,0,2,1
358,0,0,0,0,0,0,363,1274,0,2,1
358,0,0,0,0,0,0,364,1274,0,2,1
359,0,0,0,0,0,0,349,1275,0,2,1
359,0,0,0,0,0,0,350,1275,0,2,1
359,0,0,0,0,0,0,351,1275,0,2,1
359,0,0,0,0,0,0,352,1275,0,2,1
359,0,0,0,0,0,0,353,1275,0,2,1
359,0,0,0,0,0,0,354,1275,0,2,1
359,0,0,0,0,0,0,355,1275,0,2,1
359,0,0,0,0,0,0,356,1275,0,2,1
359,0,0,0,0,0,0,357,1275,0,2,1
359,0,0,0,0,0,0,358,1275,0,2,1
359,0,0,0,0,0,0,360,1275,0,2,1
359,0,0,0,0,0,0,361,1275,0,2,1
359,0,0,0,0,0,0,362,1275,0,2,1
359,0,0,0,0,0,0,363,1275,0,2,1
359,0,0,0,0,0,0,364,1275,0,2,1
360,0,0,0,0,0,0,349,1276,0,2,1
360,0,0,0,0,0,0,350,1276,0,2,1
360,0,0,0,0,0,0,351,1276,0,2,1
360,0,0,0,0,0,0,352,1276,0,2,1
360,0,0,0,0,0,0,353,1276,0,2,1
360,0,0,0,0,0,0,354,1276,0,2,1
360,0,0,0,0,0,0,355,1276,0,2,1
360,0,0,0,0,0,0,356,1276,0,2,1
360,0,0,0,0,0,0,357,1276,0,2,1
360,0,0,0,0,0,0,358,1276,0,2,1
360,0,0,0,0,0,0,359,1276,0,2,1
360,0,0,0,0,0,0,361,1276,0,2,1
360,0,0,0,0,0,0,362,1276,0,2,1
360,0,0,0,0,0,0,363,1276,0,2,1
360,0,0,0,0,0,0,364,1276,0,2,1
361,0,0,0,0,0,0,349,1277,0,2,1
361,0,0,0,0,0,0,350,1277,0,2,1
361,0,0,0,0,0,0,351,1277,0,2,1
361,0,0,0,0,0,0,352,1277,0,2,1
361,0,0,0,0,0,0,353,1277,0,2,1
361,0,0,0,0,0,0,354,1277,0,2,1
361,0,0,0,0,0,0,355,1277,0,2,1
361,0,0,0,0,0,0,356,1277,0,2,1
361,0,0,0,0,0,0,357,1277,0,2,1
361,0,0,0,0,0,0,358,1277,0,2,1
361,0,0,0,0,0,0,359,1277,0,2,1
361,0,0,0,0,0,0,360,1277,0,2,1
361,0,0,0,0,0,0,362,1277,0,2,1
361,0,0,0,0,0,0,363,1277,0,2,1
361,0,0,0,0,0,0,364,1277,0,2,1
362,0,0,0,0,0,0,349,1278,0,2,1
362,0,0,0,0,0,0,350,1278,0,2,1
362,0,0,0,0,0,0,351,1278,0,2,1
362,0,0,0,0,0,0,352,1278,0,2,1
362,0,0,0,0,0,0,353,1278,0,2,1
362,0,0,0,0,0,0,354,1278,0,2,1
362,0,0,0,0,0,0,355,1278,0,2,1
362,0,0,0,0,0,0,356,1278,0,2,1
362,0,0,0,0,0,0,357,1278,0,2,1
362,0,0,0,0,0,0,358,1278,0,2,1
362,0,0,0,0,0,0,359,1278,0,2,1
362,0,0,0,0,0,0,360,1278,0,2,1
362,0,0,0,0,0,0,361,1278,0,2,1
362,0,0,0,0,0,0,363,1278,0,2,1
362,0,0,0,0,0,0,364,1278,0,2,1
363,0,0,0,0,0,0,349,1279,0,2,1
363,0,0,0,0,0,0,350,1279,0,2,1
363,0,0,0,0,0,0,351,1279,0,2,1
363,0,0,0,0,0,0,352,1279,0,2,1
363,0,0,0,0,0,0,353,1279,0,2,1
363,0,0,0,0,0,0,354,1279,0,2,1
363,0,0,0,0,0,0,355,1279,0,2,1
363,0,0,0,0,0,0,356,1279,0,2,1
363,0,0,0,0,0,0,357,1279,0,2,1
363,0,0,0,0,0,0,358,1279,0,2,1
363,0,0,0,0,0,0,359,1279,0,2,1
363,0,0,0,0,0,0,360,1279,0,2,1
363,0,0,0,0,0,0,361,1279,0,2,1
363,0,0,0,0,0,0,362,1279,0,2,1
363,0,0,0,0,0,0,364,1279,0,2,1
364,0,0,0,0,0,0,349,1280,0,2,1
364,0,0,0,0,0,0,350,1280,0,2,1
364,0,0,0,0,0,0,351,1280,0,2,1
364,0,0,0,0,0,0,352,1280,0,2,1
364,0,0,0,0,0,0,353,1280,0,2,1
364,0,0,0,0,0,0,354,1280,0,2,1
364,0,0,0,0,0,0,355,1280,0,2,1
364,0,0,0,0,0,0,356,1280,0,2,1
364,0,0,0,0,0,0,357,1280,0,2,1
364,0,0,0,0,0,0,358,1280,0,2,1
364,0,0,0,0,0,0,359,1280,0,2,1
364,0,0,0,0,0,0,360,1280,0,2,1
364,0,0,0,0,0,0,361,1280,0,2,1
364,0,0,0,0,0,0,362,1280,0,2,1
364,0,0,0,0,0,0,363,1280,0,2,1
365,0,0,0,0,0,0,366,1265,0,2,1
365,0,0,0,0,0,0,367,1265,0,2,1
365,0,0,0,0,0,0,368,1265,0,2,1
365,0,0,0,0,0,0,369,1265,0,2,1
365,0,0,0,0,0,0,370,1265,0,2,1
365,0,0,0,0,0,0,371,1265,0,2,1
365,0,0,0,0,0,0,372,1265,0,2,1
365,0,0,0,0,0,0,373,1265,0,2,1
365,0,0,0,0,0,0,374,1265,0,2,1
365,0,0,0,0,0,0,375,1265,0,2,1
365,0,0,0,0,0,0,376,1265,0,2,1
365,0,0,0,0,0,0,377,1265,0,2,1
365,0,0,0,0,0,0,378,1265,0,2,1
365,0,0,0,0,0,0,379,1265,0,2,1
365,0,0,0,0,0,0,380,1265,0,2,1
365,0,0,0,0,0,0,349,349,0,2,3
366,0,0,0,0,0,0,350,350,0,2,3
366,0,0,0,0,0,0,365,1266,0,2,1
366,0,0,0,0,0,0,367,1266,0,2,1
366,0,0,0,0,0,0,368,1266,0,2,1
366,0,0,0,0,0,0,369,1266,0,2,1
366,0,0,0,0,0,0,370,1266,0,2,1
366,0,0,0,0,0,0,371,1266,0,2,1
366,0,0,0,0,0,0,372,1266,0,2,1
366,0,0,0,0,0,0,373,1266,0,2,1
366,0,0,0,0,0,0,374,1266,0,2,1
366,0,0,0,0,0,0,375,1266,0,2,1
366,0,0,0,0,0,0,376,1266,0,2,1
366,0,0,0,0,0,0,377,1266,0,2,1
366,0,0,0,0,0,0,378,1266,0,2,1
366,0,0,0,0,0,0,379,1266,0,2,1
366,0,0,0,0,0,0,380,1266,0,2,1
367,0,0,0,0,0,0,351,351,0,2,3
367,0,0,0,0,0,0,365,1267,0,2,1
367,0,0,0,0,0,0,366,1267,0,2,1
367,0,0,0,0,0,0,368,1267,0,2,1
367,0,0,0,0,0,0,369,1267,0,2,1
367,0,0,0,0,0,0,370,1267,0,2,1
367,0,0,0,0,0,0,371,1267,0,2,1
367,0,0,0,0,0,0,372,1267,0,2,1
367,0,0,0,0,0,0,373,1267,0,2,1
367,0,0,0,0,0,0,374,1267,0,2,1
367,0,0,0,0,0,0,375,1267,0,2,1
367,0,0,0,0,0,0,376,1267,0,2,1
367,0,0,0,0,0,0,377,1267,0,2,1
367,0,0,0,0,0,0,378,1267,0,2,1
367,0,0,0,0,0,0,379,1267,0,2,1
367,0,0,0,0,0,0,380,1267,0,2,1
368,0,0,0,0,0,0,352,352,0,2,3
368,0,0,0,0,0,0,365,1268,0,2,1
368,0,0,0,0,0,0,366,1268,0,2,1
368,0,0,0,0,0,0,367,1268,0,2,1
368,0,0,0,0,0,0,369,1268,0,2,1
368,0,0,0,0,0,0,370,1268,0,2,1
368,0,0,0,0,0,0,371,1268,0,2,1
368,0,0,0,0,0,0,372,1268,0,2,1
368,0,0,0,0,0,0,373,1268,0,2,1
368,0,0,0,0,0,0,374,1268,0,2,1
368,0,0,0,0,0,0,375,1268,0,2,1
368,0,0,0,0,0,0,376,1268,0,2,1
368,0,0,0,0,0,0,377,1268,0,2,1
368,0,0,0,0,0,0,378,1268,0,2,1
368,0,0,0,0,0,0,379,1268,0,2,1
368,0,0,0,0,0,0,380,1268,0,2,1
369,0,0,0,0,0,0,353,353,0,2,3
369,0,0,0,0,0,0,365,1269,0,2,1
369,0,0,0,0,0,0,366,1269,0,2,1
369,0,0,0,0,0,0,367,1269,0,2,1
369,0,0,0,0,0,0,368,1269,0,2,1
369,0,0,0,0,0,0,370,1269,0,2,1
369,0,0,0,0,0,0,371,1269,0,2,1
369,0,0,0,0,0,0,372,1269,0,2,1
369,0,0,0,0,0,0,373,1269,0,2,1
369,0,0,0,0,0,0,374,1269,0,2,1
369,0,0,0,0,0,0,375,1269,0,2,1
369,0,0,0,0,0,0,376,1269,0,2,1
369,0,0,0,0,0,0,377,1269,0,2,1
369,0,0,0,0,0,0,378,1269,0,2,1
369,0,0,0,0,0,0,379,1269,0,2,1
369,0,0,0,0,0,0,380,1269,0,2,1
370,0,0,0,0,0,0,354,354,0,2,3
370,0,0,0,0,0,0,365,1270,0,2,1
370,0,0,0,0,0,0,366,1270,0,2,1
370,0,0,0,0,0,0,367,1270,0,2,1
370,0,0,0,0,0,0,368,1270,0,2,1
370,0,0,0,0,0,0,369,1270,0,2,1
370,0,0,0,0,0,0,371,1270,0,2,1
370,0,0,0,0,0,0,372,1270,0,2,1
370,0,0,0,0,0,0,373,1270,0,2,1
370,0,0,0,0,0,0,374,1270,0,2,1
370,0,0,0,0,0,0,375,1270,0,2,1
370,0,0,0,0,0,0,376,1270,0,2,1
370,0,0,0,0,0,0,377,1270,0,2,1
370,0,0,0,0,0,0,378,1270,0,2,1
370,0,0,0,0,0,0,379,1270,0,2,1
370,0,0,0,0,0,0,380,1270,0,2,1
371,0,0,0,0,0,0,355,355,0,2,3
371,0,0,0,0,0,0,365,1271,0,2,1
371,0,0,0,0,0,0,366,1271,0,2,1
371,0,0,0,0,0,0,367,1271,0,2,1
371,0,0,0,0,0,0,368,1271,0,2,1
371,0,0,0,0,0,0,369,1271,0,2,1
371,0,0,0,0,0,0,370,1271,0,2,1
371,0,0,0,0,0,0,372,1271,0,2,1
371,0,0,0,0,0,0,373,1271,0,2,1
371,0,0,0,0,0,0,374,1271,0,2,1
371,0,0,0,0,0,0,375,1271,0,2,1
371,0,0,0,0,0,0,376,1271,0,2,1
371,0,0,0,0,0,0,377,1271,0,2,1
371,0,0,0,0,0,0,378,1271,0,2,1
371,0,0,0,0,0,0,379,1271,0,2,1
371,0,0,0,0,0,0,380,1271,0,2,1
372,0,0,0,0,0,0,356,356,0,2,3
372,0,0,0,0,0,0,365,1272,0,2,1
372,0,0,0,0,0,0,366,1272,0,2,1
372,0,0,0,0,0,0,367,1272,0,2,1
372,0,0,0,0,0,0,368,1272,0,2,1
372,0,0,0,0,0,0,369,1272,0,2,1
372,0,0,0,0,0,0,370,1272,0,2,1
372,0,0,0,0,0,0,371,1272,0,2,1
372,0,0,0,0,0,0,373,1272,0,2,1
372,0,0,0,0,0,0,374,1272,0,2,1
372,0,0,0,0,0,0,375,1272,0,2,1
372,0,0,0,0,0,0,376,1272,0,2,1
372,0,0,0,0,0,0,377,1272,0,2,1
372,0,0,0,0,0,0,378,1272,0,2,1
372,0,0,0,0,0,0,379,1272,0,2,1
372,0,0,0,0,0,0,380,1272,0,2,1
373,0,0,0,0,0,0,357,357,0,2,3
373,0,0,0,0,0,0,365,1273,0,2,1
373,0,0,0,0,0,0,366,1273,0,2,1
373,0,0,0,0,0,0,367,1273,0,2,1
373,0,0,0,0,0,0,368,1273,0,2,1
373,0,0,0,0,0,0,369,1273,0,2,1
373,0,0,0,0,0,0,370,1273,0,2,1
373,0,0,0,0,0,0,371,1273,0,2,1
373,0,0,0,0,0,0,372,1273,0,2,1
373,0,0,0,0,0,0,374,1273,0,2,1
373,0,0,0,0,0,0,375,1273,0,2,1
373,0,0,0,0,0,0,376,1273,0,2,1
373,0,0,0,0,0,0,377,1273,0,2,1
373,0,0,0,0,0,0,378,1273,0,2,1
373,0,0,0,0,0,0,379,1273,0,2,1
373,0,0,0,0,0,0,380,1273,0,2,1
374,0,0,0,0,0,0,358,358,0,2,3
374,0,0,0,0,0,0,365,1274,0,2,1
374,0,0,0,0,0,0,366,1274,0,2,1
374,0,0,0,0,0,0,367,1274,0,2,1
374,0,0,0,0,0,0,368,1274,0,2,1
374,0,0,0,0,0,0,369,1274,0,2,1
374,0,0,0,0,0,0,370,1274,0,2,1
374,0,0,0,0,0,0,371,1274,0,2,1
374,0,0,0,0,0,0,372,1274,0,2,1
374,0,0,0,0,0,0,373,1274,0,2,1
374,0,0,0,0,0,0,375,1274,0,2,1
374,0,0,0,0,0,0,376,1274,0,2,1
374,0,0,0,0,0,0,377,1274,0,2,1
374,0,0,0,0,0,0,378,1274,0,2,1
374,0,0,0,0,0,0,379,1274,0,2,1
374,0,0,0,0,0,0,380,1274,0,2,1
375,0,0,0,0,0,0,359,359,0,2,3
375,0,0,0,0,0,0,365,1275,0,2,1
375,0,0,0,0,0,0,366,1275,0,2,1
375,0,0,0,0,0,0,367,1275,0,2,1
375,0,0,0,0,0,0,368,1275,0,2,1
375,0,0,0,0,0,0,369,1275,0,2,1
375,0,0,0,0,0,0,370,1275,0,2,1
375,0,0,0,0,0,0,371,1275,0,2,1
375,0,0,0,0,0,0,372,1275,0,2,1
375,0,0,0,0,0,0,373,1275,0,2,1
375,0,0,0,0,0,0,374,1275,0,2,1
375,0,0,0,0,0,0,376,1275,0,2,1
375,0,0,0,0,0,0,377,1275,0,2,1
375,0,0,0,0,0,0,378,1275,0,2,1
375,0,0,0,0,0,0,379,1275,0,2,1
375,0,0,0,0,0,0,380,1275,0,2,1
376,0,0,0,0,0,0,360,360,0,2,3
376,0,0,0,0,0,0,365,1276,0,2,1
376,0,0,0,0,0,0,366,1276,0,2,1
376,0,0,0,0,0,0,367,1276,0,2,1
376,0,0,0,0,0,0,368,1276,0,2,1
376,0,0,0,0,0,0,369,1276,0,2,1
376,0,0,0,0,0,0,370,1276,0,2,1
376,0,0,0,0,0,0,371,1276,0,2,1
376,0,0,0,0,0,0,372,1276,0,2,1
376,0,0,0,0,0,0,373,1276,0,2,1
376,0,0,0,0,0,0,374,1276,0,2,1
376,0,0,0,0,0,0,375,1276,0,2,1
376,0,0,0,0,0,0,377,1276,0,2,1
376,0,0,0,0,0,0,378,1276,0,2,1
376,0,0,0,0,0,0,379,1276,0,2,1
376,0,0,0,0,0,0,380,1276,0,2,1
377,0,0,0,0,0,0,361,361,0,2,3
377,0,0,0,0,0,0,365,1277,0,2,1
377,0,0,0,0,0,0,366,1277,0,2,1
377,0,0,0,0,0,0,367,1277,0,2,1
377,0,0,0,0,0,0,368,1277,0,2,1
377,0,0,0,0,0,0,369,1277,0,2,1
377,0,0,0,0,0,0,370,1277,0,2,1
377,0,0,0,0,0,0,371,1277,0,2,1
377,0,0,0,0,0,0,372,1277,0,2,1
377,0,0,0,0,0,0,373,1277,0,2,1
377,0,0,0,0,0,0,374,1277,0,2,1
377,0,0,0,0,0,0,375,1277,0,2,1
377,0,0,0,0,0,0,376,1277,0,2,1
377,0,0,0,0,0,0,378,1277,0,2,1
377,0,0,0,0,0,0,379,1277,0,2,1
377,0,0,0,0,0,0,380,1277,0,2,1
378,0,0,0,0,0,0,362,362,0,2,3
378,0,0,0,0,0,0,365,1278,0,2,1
378,0,0,0,0,0,0,366,1278,0,2,1
378,0,0,0,0,0,0,367,1278,0,2,1
378,0,0,0,0,0,0,368,1278,0,2,1
378,0,0,0,0,0,0,369,1278,0,2,1
378,0,0,0,0,0,0,370,1278,0,2,1
378,0,0,0,0,0,0,371,1278,0,2,1
378,0,0,0,0,0,0,372,1278,0,2,1
378,0,0,0,0,0,0,373,1278,0,2,1
378,0,0,0,0,0,0,374,1278,0,2,1
378,0,0,0,0,0,0,375,1278,0,2,1
378,0,0,0,0,0,0,376,1278,0,2,1
378,0,0,0,0,0,0,377,1278,0,2,1
378,0,0,0,0,0,0,379,1278,0,2,1
378,0,0,0,0,0,0,380,1278,0,2,1
379,0,0,0,0,0,0,363,363,0,2,3
379,0,0,0,0,0,0,365,1279,0,2,1
379,0,0,0,0,0,0,366,1279,0,2,1
379,0,0,0,0,0,0,367,1279,0,2,1
379,0,0,0,0,0,0,368,1279,0,2,1
379,0,0,0,0,0,0,369,1279,0,2,1
379,0,0,0,0,0,0,370,1279,0,2,1
379,0,0,0,0,0,0,371,1279,0,2,1
379,0,0,0,0,0,0,372,1279,0,2,1
379,0,0,0,0,0,0,373,1279,0,2,1
379,0,0,0,0,0,0,374,1279,0,2,1
379,0,0,0,0,0,0,375,1279,0,2,1
379,0,0,0,0,0,0,376,1279,0,2,1
379,0,0,0,0,0,0,377,1279,0,2,1
379,0,0,0,0,0,0,378,1279,0,2,1
379,0,0,0,0,0,0,380,1279,0,2,1
380,0,0,0,0,0,0,364,364,0,2,3
380,0,0,0,0,0,0,365,1280,0,2,1
380,0,0,0,0,0,0,366,1280,0,2,1
380,0,0,0,0,0,0,367,1280,0,2,1
380,0,0,0,0,0,0,368,1280,0,2,1
380,0,0,0,0,0,0,369,1280,0,2,1
380,0,0,0,0,0,0,370,1280,0,2,1
380,0,0,0,0,0,0,371,1280,0,2,1
380,0,0,0,0,0,0,372,1280,0,2,1
380,0,0,0,0,0,0,373,1280,0,2,1
380,0,0,0,0,0,0,374,1280,0,2,1
380,0,0,0,0,0,0,375,1280,0,2,1
380,0,0,0,0,0,0,376,1280,0,2,1
380,0,0,0,0,0,0,377,1280,0,2,1
380,0,0,0,0,0,0,378,1280,0,2,1
380,0,0,0,0,0,0,379,1280,0,2,1
381,556,1225,0,0,0,0,0,0,0,4,1
382,381,381,381,381,1265,381,381,381,381,2,8
383,381,381,381,381,1266,381,381,381,381,2,8
384,381,381,381,381,1267,381,381,381,381,2,8
385,381,381,381,381,1268,381,381,381,381,2,8
386,381,381,381,381,1269,381,381,381,381,2,8
387,381,381,381,381,1270,381,381,381,381,2,8
388,381,381,381,381,1271,381,381,381,381,2,8
389,381,381,381,381,1272,381,381,381,381,2,8
390,381,381,381,381,1273,381,381,381,381,2,8
391,381,381,381,381,1274,381,381,381,381,2,8
392,381,381,381,381,1275,381,381,381,381,2,8
393,381,381,381,381,1276,381,381,381,381,2,8
394,381,381,381,381,1277,381,381,381,381,2,8
395,381,381,381,381,1278,381,381,381,381,2,8
396,381,381,381,381,1279,381,381,381,381,2,8
397,381,381,381,381,1280,381,381,381,381,2,8
398,0,0,0,0,0,0,0,0,0,1,0
399,0,0,0,0,0,0,0,0,0,1,0
400,0,0,0,0,0,0,0,0,0,1,0
401,0,0,0,0,0,0,0,0,0,1,0
402,0,0,0,0,0,0,0,0,0,1,0
403,0,0,0,0,0,0,0,0,0,1,0
404,0,0,0,0,0,0,0,0,0,1,0
405,0,0,0,0,0,0,0,0,0,1,0
406,0,0,0,0,0,0,0,0,0,1,0
407,0,0,0,0,0,0,0,0,0,1,0
408,0,0,0,0,0,0,0,0,0,1,0
409,0,0,0,0,0,0,0,0,0,1,0
410,0,0,0,0,0,0,0,0,0,1,0
411,0,0,0,0,0,0,0,0,0,1,0
412,0,0,0,0,0,0,0,0,0,1,0
413,0,0,0,0,0,0,0,0,0,1,0
414,558,557,558,557,1265,557,558,557,558,2,8
415,558,557,558,557,1266,557,558,557,558,2,8
416,558,557,558,557,1267,557,558,557,558,2,8
417,558,557,558,557,1268,557,558,557,558,2,8
418,558,557,558,557,1269,557,558,557,558,2,8
419,558,557,558,557,1270,557,558,557,558,2,8
420,558,557,558,557,1271,557,558,557,558,2,8
421,558,557,558,557,1272,557,558,557,558,2,8
422,558,557,558,557,1273,557,558,557,558,2,8
423,558,557,558,557,1274,557,558,557,558,2,8
424,558,557,558,557,1275,557,558,557,558,2,8
425,558,557,558,557,1276,557,558,557,558,2,8
426,558,557,558,557,1277,557,558,557,558,2,8
427,558,557,558,557,1278,557,558,557,558,2,8
428,558,557,558,557,1279,557,558,557,558,2,8
429,558,557,558,557,1280,557,558,557,558,2,8
430,382,1225,0,0,0,0,0,0,0,4,1
431,383,1225,0,0,0,0,0,0,0,4,1
432,384,1225,0,0,0,0,0,0,0,4,1
433,385,1225,0,0,0,0,0,0,0,4,1
434,386,1225,0,0,0,0,0,0,0,4,1
435,387,1225,0,0,0,0,0,0,0,4,1
436,388,1225,0,0,0,0,0,0,0,4,1
437,389,1225,0,0,0,0,0,0,0,4,1
438,390,1225,0,0,0,0,0,0,0,4,1
439,391,1225,0,0,0,0,0,0,0,4,1
440,392,1225,0,0,0,0,0,0,0,4,1
441,393,1225,0,0,0,0,0,0,0,4,1
442,394,1225,0,0,0,0,0,0,0,4,1
443,395,1225,0,0,0,0,0,0,0,4,1
444,396,1225,0,0,0,0,0,0,0,4,1
445,397,1225,0,0,0,0,0,0,0,4,1
446,558,1225,0,0,0,0,0,0,0,4,1
446,559,1225,0,0,0,0,0,0,0,4,1
447,0,1234,0,1234,446,1234,0,1234,0,2,2
448,446,446,446,446,1265,446,446,446,446,2,8
449,446,446,446,446,1266,446,446,446,446,2,8
450,446,446,446,446,1267,446,446,446,446,2,8
451,446,446,446,446,1268,446,446,446,446,2,8
452,446,446,446,446,1269,446,446,446,446,2,8
453,446,446,446,446,1270,446,446,446,446,2,8
454,446,446,446,446,1271,446,446,446,446,2,8
455,446,446,446,446,1272,446,446,446,446,2,8
456,446,446,446,446,1273,446,446,446,446,2,8
457,446,446,446,446,1274,446,446,446,446,2,8
458,446,446,446,446,1275,446,446,446,446,2,8
459,446,446,446,446,1276,446,446,446,446,2,8
460,446,446,446,446,1277,446,446,446,446,2,8
461,446,446,446,446,1278,446,446,446,446,2,8
462,446,446,446,446,1279,446,446,446,446,2,8
463,446,446,446,446,1280,446,446,446,446,2,8
464,0,0,0,446,446,446,446,446,446,2,16
465,464,464,464,464,1265,446,446,446,446,2,8
465,0,0,0,448,448,448,448,448,448,2,16
466,464,464,464,464,1266,446,446,446,446,2,8
466,0,0,0,449,449,449,449,449,449,2,16
467,464,464,464,464,1267,446,446,446,446,2,8
467,0,0,0,450,450,450,450,450,450,2,16
468,464,464,464,464,1268,446,446,446,446,2,8
468,0,0,0,451,451,451,451,451,451,2,16
469,464,464,464,464,1269,446,446,446,446,2,8
469,0,0,0,452,452,452,452,452,452,2,16
470,464,464,464,464,1270,446,446,446,446,2,8
470,0,0,0,453,453,453,453,453,453,2,16
471,464,464,464,464,1271,446,446,446,446,2,8
471,0,0,0,454,454,454,454,454,454,2,16
472,464,464,464,464,1272,446,446,446,446,2,8
472,0,0,0,455,455,455,455,455,455,2,16
473,464,464,464,464,1273,446,446,446,446,2,8
473,0,0,0,456,456,456,456,456,456,2,16
474,464,464,464,464,1274,446,446,446,446,2,8
474,0,0,0,457,457,457,457,457,457,2,16
475,464,464,464,464,1275,446,446,446,446,2,8
475,0,0,0,458,458,458,458,458,458,2,16
476,464,464,464,464,1276,446,446,446,446,2,8
476,0,0,0,459,459,459,459,459,459,2,16
477,464,464,464,464,1277,446,446,446,446,2,8
477,0,0,0,460,460,460,460,460,460,2,16
478,464,464,464,464,1278,446,446,446,446,2,8
478,0,0,0,461,461,461,461,461,461,2,16
479,464,464,464,464,1279,446,446,446,446,2,8
479,0,0,0,462,462,462,462,462,462,2,16
480,464,464,464,464,1280,446,446,446,446,2,8
480,0,0,0,463,463,463,463,463,463,2,16
481,0,1261,0,0,819,0,0,1261,0,2,1
482,0,0,0,0,0,0,481,1265,0,2,1
482,0,0,0,0,0,0,483,1265,0,2,1
482,0,0,0,0,0,0,484,1265,0,2,1
482,0,0,0,0,0,0,485,1265,0,2,1
482,0,0,0,0,0,0,486,1265,0,2,1
482,0,0,0,0,0,0,487,1265,0,2,1
482,0,0,0,0,0,0,488,1265,0,2,1
482,0,0,0,0,0,0,489,1265,0,2,1
482,0,0,0,0,0,0,490,1265,0,2,1
482,0,0,0,0,0,0,491,1265,0,2,1
482,0,0,0,0,0,0,492,1265,0,2,1
482,0,0,0,0,0,0,493,1265,0,2,1
482,0,0,0,0,0,0,494,1265,0,2,1
482,0,0,0,0,0,0,495,1265,0,2,1
482,0,0,0,0,0,0,496,1265,0,2,1
482,0,0,0,0,0,0,497,1265,0,2,1
483,0,0,0,0,0,0,481,1266,0,2,1
483,0,0,0,0,0,0,482,1266,0,2,1
483,0,0,0,0,0,0,484,1266,0,2,1
483,0,0,0,0,0,0,485,1266,0,2,1
483,0,0,0,0,0,0,486,1266,0,2,1
483,0,0,0,0,0,0,487,1266,0,2,1
483,0,0,0,0,0,0,488,1266,0,2,1
483,0,0,0,0,0,0,489,1266,0,2,1
483,0,0,0,0,0,0,490,1266,0,2,1
483,0,0,0,0,0,0,491,1266,0,2,1
483,0,0,0,0,0,0,492,1266,0,2,1
483,0,0,0,0,0,0,493,1266,0,2,1
483,0,0,0,0,0,0,494,1266,0,2,1
483,0,0,0,0,0,0,495,1266,0,2,1
483,0,0,0,0,0,0,496,1266,0,2,1
483,0,0,0,0,0,0,497,1266,0,2,1
484,0,0,0,0,0,0,481,1267,0,2,1
484,0,0,0,0,0,0,482,1267,0,2,1
484,0,0,0,0,0,0,483,1267,0,2,1
484,0,0,0,0,0,0,485,1267,0,2,1
484,0,0,0,0,0,0,486,1267,0,2,1
484,0,0,0,0,0,0,487,1267,0,2,1
484,0,0,0,0,0,0,488,1267,0,2,1
484,0,0,0,0,0,0,489,1267,0,2,1
484,0,0,0,0,0,0,490,1267,0,2,1
484,0,0,0,0,0,0,491,1267,0,2,1
484,0,0,0,0,0,0,492,1267,0,2,1
484,0,0,0,0,0,0,493,1267,0,2,1
484,0,0,0,0,0,0,494,1267,0,2,1
484,0,0,0,0,0,0,495,1267,0,2,1
484,0,0,0,0,0,0,496,1267,0,2,1
484,0,0,0,0,0,0,497,1267,0,2,1
485,0,0,0,0,0,0,481,1268,0,2,1
485,0,0,0,0,0,0,482,1268,0,2,1
485,0,0,0,0,0,0,483,1268,0,2,1
485,0,0,0,0,0,0,484,1268,0,2,1
485,0,0,0,0,0,0,486,1268,0,2,1
485,0,0,0,0,0,0,487,1268,0,2,1
485,0,0,0,0,0,0,488,1268,0,2,1
485,0,0,0,0,0,0,489,1268,0,2,1
485,0,0,0,0,0,0,490,1268,0,2,1
485,0,0,0,0,0,0,491,1268,0,2,1
485,0,0,0,0,0,0,492,1268,0,2,1
485,0,0,0,0,0,0,493,1268,0,2,1
485,0,0,0,0,0,0,494,1268,0,2,1
485,0,0,0,0,0,0,495,1268,0,2,1
485,0,0,0,0,0,0,496,1268,0,2,1
485,0,0,0,0,0,0,497,1268,0,2,1
486,0,0,0,0,0,0,481,1269,0,2,1
486,0,0,0,0,0,0,482,1269,0,2,1
486,0,0,0,0,0,0,483,1269,0,2,1
486,0,0,0,0,0,0,484,1269,0,2,1
486,0,0,0,0,0,0,485,1269,0,2,1
486,0,0,0,0,0,0,487,1269,0,2,1
486,0,0,0,0,0,0,488,1269,0,2,1
486,0,0,0,0,0,0,489,1269,0,2,1
486,0,0,0,0,0,0,490,1269,0,2,1
486,0,0,0,0,0,0,491,1269,0,2,1
486,0,0,0,0,0,0,492,1269,0,2,1
486,0,0,0,0,0,0,493,1269,0,2,1
486,0,0,0,0,0,0,494,1269,0,2,1
486,0,0,0,0,0,0,495,1269,0,2,1
486,0,0,0,0,0,0,496,1269,0,2,1
486,0,0,0,0,0,0,497,1269,0,2,1
487,0,0,0,0,0,0,481,1270,0,2,1
487,0,0,0,0,0,0,482,1270,0,2,1
487,0,0,0,0,0,0,483,1270,0,2,1
487,0,0,0,0,0,0,484,1270,0,2,1
487,0,0,0,0,0,0,485,1270,0,2,1
487,0,0,0,0,0,0,486,1270,0,2,1
487,0,0,0,0,0,0,488,1270,0,2,1
487,0,0,0,0,0,0,489,1270,0,2,1
487,0,0,0,0,0,0,490,1270,0,2,1
487,0,0,0,0,0,0,491,1270,0,2,1
487,0,0,0,0,0,0,492,1270,0,2,1
487,0,0,0,0,0,0,493,1270,0,2,1
487,0,0,0,0,0,0,494,1270,0,2,1
487,0,0,0,0,0,0,495,1270,0,2,1
487,0,0,0,0,0,0,496,1270,0,2,1
487,0,0,0,0,0,0,497,1270,0,2,1
488,0,0,0,0,0,0,481,1271,0,2,1
488,0,0,0,0,0,0,482,1271,0,2,1
488,0,0,0,0,0,0,483,1271,0,2,1
488,0,0,0,0,0,0,484,1271,0,2,1
488,0,0,0,0,0,0,485,1271,0,2,1
488,0,0,0,0,0,0,486,1271,0,2,1
488,0,0,0,0,0,0,487,1271,0,2,1
488,0,0,0,0,0,0,489,1271,0,2,1
488,0,0,0,0,0,0,490,1271,0,2,1
488,0,0,0,0,0,0,491,1271,0,2,1
488,0,0,0,0,0,0,492,1271,0,2,1
488,0,0,0,0,0,0,493,1271,0,2,1
488,0,0,0,0,0,0,494,1271,0,2,1
488,0,0,0,0,0,0,495,1271,0,2,1
488,0,0,0,0,0,0,496,1271,0,2,1
488,0,0,0,0,0,0,497,1271,0,2,1
489,0,0,0,0,0,0,481,1272,0,2,1
489,0,0,0,0,0,0,482,1272,0,2,1
489,0,0,0,0,0,0,483,1272,0,2,1
489,0,0,0,0,0,0,484,1272,0,2,1
489,0,0,0,0,0,0,485,1272,0,2,1
489,0,0,0,0,0,0,486,1272,0,2,1
489,0,0,0,0,0,0,487,1272,0,2,1
489,0,0,0,0,0,0,488,1272,0,2,1
489,0,0,0,0,0,0,490,1272,0,2,1
489,0,0,0,0,0,0,491,1272,0,2,1
489,0,0,0,0,0,0,492,1272,0,2,1
489,0,0,0,0,0,0,493,1272,0,2,1
489,0,0,0,0,0,0,494,1272,0,2,1
489,0,0,0,0,0,0,495,1272,0,2,1
489,0,0,0,0,0,0,496,1272,0,2,1
489,0,0,0,0,0,0,497,1272,0,2,1
490,0,0,0,0,0,0,481,1273,0,2,1
490,0,0,0,0,0,0,482,1273,0,2,1
490,0,0,0,0,0,0,483,1273,0,2,1
490,0,0,0,0,0,0,484,1273,0,2,1
490,0,0,0,0,0,0,485,1273,0,2,1
490,0,0,0,0,0,0,486,1273,0,2,1
490,0,0,0,0,0,0,487,1273,0,2,1
490,0,0,0,0,0,0,488,1273,0,2,1
490,0,0,0,0,0,0,489,1273,0,2,1
490,0,0,0,0,0,0,491,1273,0,2,1
490,0,0,0,0,0,0,492,1273,0,2,1
490,0,0,0,0,0,0,493,1273,0,2,1
490,0,0,0,0,0,0,494,1273,0,2,1
490,0,0,0,0,0,0,495,1273,0,2,1
490,0,0,0,0,0,0,496,1273,0,2,1
490,0,0,0,0,0,0,497,1273,0,2,1
491,0,0,0,0,0,0,481,1274,0,2,1
491,0,0,0,0,0,0,482,1274,0,2,1
491,0,0,0,0,0,0,483,1274,0,2,1
491,0,0,0,0,0,0,484,1274,0,2,1
491,0,0,0,0,0,0,485,1274,0,2,1
491,0,0,0,0,0,0,486,1274,0,2,1
491,0,0,0,0,0,0,487,1274,0,2,1
491,0,0,0,0,0,0,488,1274,0,2,1
491,0,0,0,0,0,0,489,1274,0,2,1
491,0,0,0,0,0,0,490,1274,0,2,1
491,0,0,0,0,0,0,492,1274,0,2,1
491,0,0,0,0,0,0,493,1274,0,2,1
491,0,0,0,0,0,0,494,1274,0,2,1
491,0,0,0,0,0,0,495,1274,0,2,1
491,0,0,0,0,0,0,496,1274,0,2,1
491,0,0,0,0,0,0,497,1274,0,2,1
492,0,0,0,0,0,0,481,1275,0,2,1
492,0,0,0,0,0,0,482,1275,0,2,1
492,0,0,0,0,0,0,483,1275,0,2,1
492,0,0,0,0,0,0,484,1275,0,2,1
492,0,0,0,0,0,0,485,1275,0,2,1
492,0,0,0,0,0,0,486,1275,0,2,1
492,0,0,0,0,0,0,487,1275,0,2,1
492,0,0,0,0,0,0,488,1275,0,2,1
492,0,0,0,0,0,0,489,1275,0,2,1
492,0,0,0,0,0,0,490,1275,0,2,1
492,0,0,0,0,0,0,491,1275,0,2,1
492,0,0,0,0,0,0,493,1275,0,2,1
492,0,0,0,0,0,0,494,1275,0,2,1
492,0,0,0,0,0,0,495,1275,0,2,1
492,0,0,0,0,0,0,496,1275,0,2,1
492,0,0,0,0,0,0,497,1275,0,2,1
493,0,0,0,0,0,0,481,1276,0,2,1
493,0,0,0,0,0,0,482,1276,0,2,1
493,0,0,0,0,0,0,483,1276,0,2,1
493,0,0,0,0,0,0,484,1276,0,2,1
493,0,0,0,0,0,0,485,1276,0,2,1
493,0,0,0,0,0,0,486,1276,0,2,1
493,0,0,0,0,0,0,487,1276,0,2,1
493,0,0,0,0,0,0,488,1276,0,2,1
493,0,0,0,0,0,0,489,1276,0,2,1
493,0,0,0,0,0,0,490,1276,0,2,1
493,0,0,0,0,0,0,491,1276,0,2,1
493,0,0,0,0,0,0,492,1276,0,2,1
493,0,0,0,0,0,0,494,1276,0,2,1
493,0,0,0,0,0,0,495,1276,0,2,1
493,0,0,0,0,0,0,496,1276,0,2,1
493,0,0,0,0,0,0,497,1276,0,2,1
494,0,0,0,0,0,0,481,1277,0,2,1
494,0,0,0,0,0,0,482,1277,0,2,1
494,0,0,0,0,0,0,483,1277,0,2,1
494,0,0,0,0,0,0,484,1277,0,2,1
494,0,0,0,0,0,0,485,1277,0,2,1
494,0,0,0,0,0,0,486,1277,0,2,1
494,0,0,0,0,0,0,487,1277,0,2,1
494,0,0,0,0,0,0,488,1277,0,2,1
494,0,0,0,0,0,0,489,1277,0,2,1
494,0,0,0,0,0,0,490,1277,0,2,1
494,0,0,0,0,0,0,491,1277,0,2,1
494,0,0,0,0,0,0,492,1277,0,2,1
494,0,0,0,0,0,0,493,1277,0,2,1
494,0,0,0,0,0,0,495,1277,0,2,1
494,0,0,0,0,0,0,496,1277,0,2,1
494,0,0,0,0,0,0,497,1277,0,2,1
495,0,0,0,0,0,0,481,1278,0,2,1
495,0,0,0,0,0,0,482,1278,0,2,1
495,0,0,0,0,0,0,483,1278,0,2,1
495,0,0,0,0,0,0,484,1278,0,2,1
495,0,0,0,0,0,0,485,1278,0,2,1
495,0,0,0,0,0,0,486,1278,0,2,1
495,0,0,0,0,0,0,487,1278,0,2,1
495,0,0,0,0,0,0,488,1278,0,2,1
495,0,0,0,0,0,0,489,1278,0,2,1
495,0,0,0,0,0,0,490,1278,0,2,1
495,0,0,0,0,0,0,491,1278,0,2,1
495,0,0,0,0,0,0,492,1278,0,2,1
495,0,0,0,0,0,0,493,1278,0,2,1
495,0,0,0,0,0,0,494,1278,0,2,1
495,0,0,0,0,0,0,496,1278,0,2,1
495,0,0,0,0,0,0,497,1278,0,2,1
496,0,0,0,0,0,0,481,1279,0,2,1
496,0,0,0,0,0,0,482,1279,0,2,1
496,0,0,0,0,0,0,483,1279,0,2,1
496,0,0,0,0,0,0,484,1279,0,2,1
496,0,0,0,0,0,0,485,1279,0,2,1
496,0,0,0,0,0,0,486,1279,0,2,1
496,0,0,0,0,0,0,487,1279,0,2,1
496,0,0,0,0,0,0,488,1279,0,2,1
496,0,0,0,0,0,0,489,1279,0,2,1
496,0,0,0,0,0,0,490,1279,0,2,1
496,0,0,0,0,0,0,491,1279,0,2,1
496,0,0,0,0,0,0,492,1279,0,2,1
496,0,0,0,0,0,0,493,1279,0,2,1
496,0,0,0,0,0,0,494,1279,0,2,1
496,0,0,0,0,0,0,495,1279,0,2,1
496,0,0,0,0,0,0,497,1279,0,2,1
497,0,0,0,0,0,0,481,1280,0,2,1
497,0,0,0,0,0,0,482,1280,0,2,1
497,0,0,0,0,0,0,483,1280,0,2,1
497,0,0,0,0,0,0,484,1280,0,2,1
497,0,0,0,0,0,0,485,1280,0,2,1
497,0,0,0,0,0,0,486,1280,0,2,1
497,0,0,0,0,0,0,487,1280,0,2,1
497,0,0,0,0,0,0,488,1280,0,2,1
497,0,0,0,0,0,0,489,1280,0,2,1
497,0,0,0,0,0,0,490,1280,0,2,1
497,0,0,0,0,0,0,491,1280,0,2,1
497,0,0,0,0,0,0,492,1280,0,2,1
497,0,0,0,0,0,0,493,1280,0,2,1
497,0,0,0,0,0,0,494,1280,0,2,1
497,0,0,0,0,0,0,495,1280,0,2,1
497,0,0,0,0,0,0,496,1280,0,2,1
498,0,0,0,349,349,349,5,5,5,2,1
498,0,0,0,0,0,0,498,1265,0,2,1
498,0,0,0,0,0,0,499,1265,0,2,1
498,0,0,0,0,0,0,500,1265,0,2,1
498,0,0,0,0,0,0,501,1265,0,2,1
498,0,0,0,0,0,0,502,1265,0,2,1
498,0,0,0,0,0,0,503,1265,0,2,1
498,0,0,0,0,0,0,504,1265,0,2,1
498,0,0,0,0,0,0,505,1265,0,2,1
498,0,0,0,0,0,0,506,1265,0,2,1
498,0,0,0,0,0,0,507,1265,0,2,1
498,0,0,0,0,0,0,508,1265,0,2,1
498,0,0,0,0,0,0,509,1265,0,2,1
498,0,0,0,0,0,0,510,1265,0,2,1
498,0,0,0,0,0,0,511,1265,0,2,1
498,0,0,0,0,0,0,512,1265,0,2,1
498,0,0,0,0,0,0,513,1265,0,2,1
499,0,0,0,350,350,350,5,5,5,2,1
499,0,0,0,0,0,0,498,1266,0,2,1
499,0,0,0,0,0,0,499,1266,0,2,1
499,0,0,0,0,0,0,500,1266,0,2,1
499,0,0,0,0,0,0,501,1266,0,2,1
499,0,0,0,0,0,0,502,1266,0,2,1
499,0,0,0,0,0,0,503,1266,0,2,1
499,0,0,0,0,0,0,504,1266,0,2,1
499,0,0,0,0,0,0,505,1266,0,2,1
499,0,0,0,0,0,0,506,1266,0,2,1
499,0,0,0,0,0,0,507,1266,0,2,1
499,0,0,0,0,0,0,508,1266,0,2,1
499,0,0,0,0,0,0,509,1266,0,2,1
499,0,0,0,0,0,0,510,1266,0,2,1
499,0,0,0,0,0,0,511,1266,0,2,1
499,0,0,0,0,0,0,512,1266,0,2,1
499,0,0,0,0,0,0,513,1266,0,2,1
500,0,0,0,351,351,351,5,5,5,2,1
500,0,0,0,0,0,0,498,1267,0,2,1
500,0,0,0,0,0,0,499,1267,0,2,1
500,0,0,0,0,0,0,500,1267,0,2,1
500,0,0,0,0,0,0,501,1267,0,2,1
500,0,0,0,0,0,0,502,1267,0,2,1
500,0,0,0,0,0,0,503,1267,0,2,1
500,0,0,0,0,0,0,504,1267,0,2,1
500,0,0,0,0,0,0,505,1267,0,2,1
500,0,0,0,0,0,0,506,1267,0,2,1
500,0,0,0,0,0,0,507,1267,0,2,1
500,0,0,0,0,0,0,508,1267,0,2,1
500,0,0,0,0,0,0,509,1267,0,2,1
500,0,0,0,0,0,0,510,1267,0,2,1
500,0,0,0,0,0,0,511,1267,0,2,1
500,0,0,0,0,0,0,512,1267,0,2,1
500,0,0,0,0,0,0,513,1267,0,2,1
501,0,0,0,352,352,352,5,5,5,2,1
501,0,0,0,0,0,0,498,1268,0,2,1
501,0,0,0,0,0,0,499,1268,0,2,1
501,0,0,0,0,0,0,500,1268,0,2,1
501,0,0,0,0,0,0,501,1268,0,2,1
501,0,0,0,0,0,0,502,1268,0,2,1
501,0,0,0,0,0,0,503,1268,0,2,1
501,0,0,0,0,0,0,504,1268,0,2,1
501,0,0,0,0,0,0,505,1268,0,2,1
501,0,0,0,0,0,0,506,1268,0,2,1
501,0,0,0,0,0,0,507,1268,0,2,1
501,0,0,0,0,0,0,508,1268,0,2,1
501,0,0,0,0,0,0,509,1268,0,2,1
501,0,0,0,0,0,0,510,1268,0,2,1
501,0,0,0,0,0,0,511,1268,0,2,1
501,0,0,0,0,0,0,512,1268,0,2,1
501,0,0,0,0,0,0,513,1268,0,2,1
502,0,0,0,353,353,353,5,5,5,2,1
502,0,0,0,0,0,0,498,1269,0,2,1
502,0,0,0,0,0,0,499,1269,0,2,1
502,0,0,0,0,0,0,500,1269,0,2,1
502,0,0,0,0,0,0,501,1269,0,2,1
502,0,0,0,0,0,0,502,1269,0,2,1
502,0,0,0,0,0,0,503,1269,0,2,1
502,0,0,0,0,0,0,504,1269,0,2,1
502,0,0,0,0,0,0,505,1269,0,2,1
502,0,0,0,0,0,0,506,1269,0,2,1
502,0,0,0,0,0,0,507,1269,0,2,1
502,0,0,0,0,0,0,508,1269,0,2,1
502,0,0,0,0,0,0,509,1269,0,2,1
502,0,0,0,0,0,0,510,1269,0,2,1
502,0,0,0,0,0,0,511,1269,0,2,1
502,0,0,0,0,0,0,512,1269,0,2,1
502,0,0,0,0,0,0,513,1269,0,2,1
503,0,0,0,354,354,354,5,5,5,2,1
503,0,0,0,0,0,0,498,1270,0,2,1
503,0,0,0,0,0,0,499,1270,0,2,1
503,0,0,0,0,0,0,500,1270,0,2,1
503,0,0,0,0,0,0,501,1270,0,2,1
503,0,0,0,0,0,0,502,1270,0,2,1
503,0,0,0,0,0,0,503,1270,0,2,1
503,0,0,0,0,0,0,504,1270,0,2,1
503,0,0,0,0,0,0,505,1270,0,2,1
503,0,0,0,0,0,0,506,1270,0,2,1
503,0,0,0,0,0,0,507,1270,0,2,1
503,0,0,0,0,0,0,508,1270,0,2,1
503,0,0,0,0,0,0,509,1270,0,2,1
503,0,0,0,0,0,0,510,1270,0,2,1
503,0,0,0,0,0,0,511,1270,0,2,1
503,0,0,0,0,0,0,512,1270,0,2,1
503,0,0,0,0,0,0,513,1270,0,2,1
504,0,0,0,355,355,355,5,5,5,2,1
504,0,0,0,0,0,0,498,1271,0,2,1
504,0,0,0,0,0,0,499,1271,0,2,1
504,0,0,0,0,0,0,500,1271,0,2,1
504,0,0,0,0,0,0,501,1271,0,2,1
504,0,0,0,0,0,0,502,1271,0,2,1
504,0,0,0,0,0,0,503,1271,0,2,1
504,0,0,0,0,0,0,504,1271,0,2,1
504,0,0,0,0,0,0,505,1271,0,2,1
504,0,0,0,0,0,0,506,1271,0,2,1
504,0,0,0,0,0,0,507,1271,0,2,1
504,0,0,0,0,0,0,508,1271,0,2,1
504,0,0,0,0,0,0,509,1271,0,2,1
504,0,0,0,0,0,0,510,1271,0,2,1
504,0,0,0,0,0,0,511,1271,0,2,1
504,0,0,0,0,0,0,512,1271,0,2,1
504,0,0,0,0,0,0,513,1271,0,2,1
505,0,0,0,356,356,356,5,5,5,2,1
505,0,0,0,0,0,0,498,1272,0,2,1
505,0,0,0,0,0,0,499,1272,0,2,1
505,0,0,0,0,0,0,500,1272,0,2,1
505,0,0,0,0,0,0,501,1272,0,2,1
505,0,0,0,0,0,0,502,1272,0,2,1
505,0,0,0,0,0,0,503,1272,0,2,1
505,0,0,0,0,0,0,504,1272,0,2,1
505,0,0,0,0,0,0,505,1272,0,2,1
505,0,0,0,0,0,0,506,1272,0,2,1
505,0,0,0,0,0,0,507,1272,0,2,1
505,0,0,0,0,0,0,508,1272,0,2,1
505,0,0,0,0,0,0,509,1272,0,2,1
505,0,0,0,0,0,0,510,1272,0,2,1
505,0,0,0,0,0,0,511,1272,0,2,1
505,0,0,0,0,0,0,512,1272,0,2,1
505,0,0,0,0,0,0,513,1272,0,2,1
506,0,0,0,357,357,357,5,5,5,2,1
506,0,0,0,0,0,0,498,1273,0,2,1
506,0,0,0,0,0,0,499,1273,0,2,1
506,0,0,0,0,0,0,500,1273,0,2,1
506,0,0,0,0,0,0,501,1273,0,2,1
506,0,0,0,0,0,0,502,1273,0,2,1
506,0,0,0,0,0,0,503,1273,0,2,1
506,0,0,0,0,0,0,504,1273,0,2,1
506,0,0,0,0,0,0,505,1273,0,2,1
506,0,0,0,0,0,0,506,1273,0,2,1
506,0,0,0,0,0,0,507,1273,0,2,1
506,0,0,0,0,0,0,508,1273,0,2,1
506,0,0,0,0,0,0,509,1273,0,2,1
506,0,0,0,0,0,0,510,1273,0,2,1
506,0,0,0,0,0,0,511,1273,0,2,1
506,0,0,0,0,0,0,512,1273,0,2,1
506,0,0,0,0,0,0,513,1273,0,2,1
507,0,0,0,358,358,358,5,5,5,2,1
507,0,0,0,0,0,0,498,1274,0,2,1
507,0,0,0,0,0,0,499,1274,0,2,1
507,0,0,0,0,0,0,500,1274,0,2,1
507,0,0,0,0,0,0,501,1274,0,2,1
507,0,0,0,0,0,0,502,1274,0,2,1
507,0,0,0,0,0,0,503,1274,0,2,1
507,0,0,0,0,0,0,504,1274,0,2,1
507,0,0,0,0,0,0,505,1274,0,2,1
507,0,0,0,0,0,0,506,1274,0,2,1
507,0,0,0,0,0,0,507,1274,0,2,1
507,0,0,0,0,0,0,508,1274,0,2,1
507,0,0,0,0,0,0,509,1274,0,2,1
507,0,0,0,0,0,0,510,1274,0,2,1
507,0,0,0,0,0,0,511,1274,0,2,1
507,0,0,0,0,0,0,512,1274,0,2,1
507,0,0,0,0,0,0,513,1274,0,2,1
508,0,0,0,359,359,359,5,5,5,2,1
508,0,0,0,0,0,0,498,1275,0,2,1
508,0,0,0,0,0,0,499,1275,0,2,1
508,0,0,0,0,0,0,500,1275,0,2,1
508,0,0,0,0,0,0,501,1275,0,2,1
508,0,0,0,0,0,0,502,1275,0,2,1
508,0,0,0,0,0,0,503,1275,0,2,1
508,0,0,0,0,0,0,504,1275,0,2,1
508,0,0,0,0,0,0,505,1275,0,2,1
508,0,0,0,0,0,0,506,1275,0,2,1
508,0,0,0,0,0,0,507,1275,0,2,1
508,0,0,0,0,0,0,508,1275,0,2,1
508,0,0,0,0,0,0,509,1275,0,2,1
508,0,0,0,0,0,0,510,1275,0,2,1
508,0,0,0,0,0,0,511,1275,0,2,1
508,0,0,0,0,0,0,512,1275,0,2,1
508,0,0,0,0,0,0,513,1275,0,2,1
509,0,0,0,360,360,360,5,5,5,2,1
509,0,0,0,0,0,0,498,1276,0,2,1
509,0,0,0,0,0,0,499,1276,0,2,1
509,0,0,0,0,0,0,500,1276,0,2,1
509,0,0,0,0,0,0,501,1276,0,2,1
509,0,0,0,0,0,0,502,1276,0,2,1
509,0,0,0,0,0,0,503,1276,0,2,1
509,0,0,0,0,0,0,504,1276,0,2,1
509,0,0,0,0,0,0,505,1276,0,2,1
509,0,0,0,0,0,0,506,1276,0,2,1
509,0,0,0,0,0,0,507,1276,0,2,1
509,0,0,0,0,0,0,508,1276,0,2,1
509,0,0,0,0,0,0,509,1276,0,2,1
509,0,0,0,0,0,0,510,1276,0,2,1
509,0,0,0,0,0,0,511,1276,0,2,1
509,0,0,0,0,0,0,512,1276,0,2,1
509,0,0,0,0,0,0,513,1276,0,2,1
510,0,0,0,361,361,361,5,5,5,2,1
510,0,0,0,0,0,0,498,1277,0,2,1
510,0,0,0,0,0,0,499,1277,0,2,1
510,0,0,0,0,0,0,500,1277,0,2,1
510,0,0,0,0,0,0,501,1277,0,2,1
510,0,0,0,0,0,0,502,1277,0,2,1
510,0,0,0,0,0,0,503,1277,0,2,1
510,0,0,0,0,0,0,504,1277,0,2,1
510,0,0,0,0,0,0,505,1277,0,2,1
510,0,0,0,0,0,0,506,1277,0,2,1
510,0,0,0,0,0,0,507,1277,0,2,1
510,0,0,0,0,0,0,508,1277,0,2,1
510,0,0,0,0,0,0,509,1277,0,2,1
510,0,0,0,0,0,0,510,1277,0,2,1
510,0,0,0,0,0,0,511,1277,0,2,1
510,0,0,0,0,0,0,512,1277,0,2,1
510,0,0,0,0,0,0,513,1277,0,2,1
511,0,0,0,362,362,362,5,5,5,2,1
511,0,0,0,0,0,0,498,1278,0,2,1
511,0,0,0,0,0,0,499,1278,0,2,1
511,0,0,0,0,0,0,500,1278,0,2,1
511,0,0,0,0,0,0,501,1278,0,2,1
511,0,0,0,0,0,0,502,1278,0,2,1
511,0,0,0,0,0,0,503,1278,0,2,1
511,0,0,0,0,0,0,504,1278,0,2,1
511,0,0,0,0,0,0,505,1278,0,2,1
511,0,0,0,0,0,0,506,1278,0,2,1
511,0,0,0,0,0,0,507,1278,0,2,1
511,0,0,0,0,0,0,508,1278,0,2,1
511,0,0,0,0,0,0,509,1278,0,2,1
511,0,0,0,0,0,0,510,1278,0,2,1
511,0,0,0,0,0,0,511,1278,0,2,1
511,0,0,0,0,0,0,512,1278,0,2,1
511,0,0,0,0,0,0,513,1278,0,2,1
512,0,0,0,363,363,363,5,5,5,2,1
512,0,0,0,0,0,0,498,1279,0,2,1
512,0,0,0,0,0,0,499,1279,0,2,1
512,0,0,0,0,0,0,500,1279,0,2,1
512,0,0,0,0,0,0,501,1279,0,2,1
512,0,0,0,0,0,0,502,1279,0,2,1
512,0,0,0,0,0,0,503,1279,0,2,1
512,0,0,0,0,0,0,504,1279,0,2,1
512,0,0,0,0,0,0,505,1279,0,2,1
512,0,0,0,0,0,0,506,1279,0,2,1
512,0,0,0,0,0,0,507,1279,0,2,1
512,0,0,0,0,0,0,508,1279,0,2,1
512,0,0,0,0,0,0,509,1279,0,2,1
512,0,0,0,0,0,0,510,1279,0,2,1
512,0,0,0,0,0,0,511,1279,0,2,1
512,0,0,0,0,0,0,512,1279,0,2,1
512,0,0,0,0,0,0,513,1279,0,2,1
513,0,0,0,364,364,364,5,5,5,2,1
513,0,0,0,0,0,0,498,1280,0,2,1
513,0,0,0,0,0,0,499,1280,0,2,1
513,0,0,0,0,0,0,500,1280,0,2,1
513,0,0,0,0,0,0,501,1280,0,2,1
513,0,0,0,0,0,0,502,1280,0,2,1
513,0,0,0,0,0,0,503,1280,0,2,1
513,0,0,0,0,0,0,504,1280,0,2,1
513,0,0,0,0,0,0,505,1280,0,2,1
513,0,0,0,0,0,0,506,1280,0,2,1
513,0,0,0,0,0,0,507,1280,0,2,1
513,0,0,0,0,0,0,508,1280,0,2,1
513,0,0,0,0,0,0,509,1280,0,2,1
513,0,0,0,0,0,0,510,1280,0,2,1
513,0,0,0,0,0,0,511,1280,0,2,1
513,0,0,0,0,0,0,512,1280,0,2,1
513,0,0,0,0,0,0,513,1280,0,2,1
514,0,0,0,848,0,0,1249,0,0,2,1
515,0,0,0,0,0,0,514,1265,0,2,1
516,0,0,0,0,0,0,514,1266,0,2,1
517,0,0,0,0,0,0,514,1267,0,2,1
518,0,0,0,0,0,0,514,1268,0,2,1
519,0,0,0,0,0,0,514,1269,0,2,1
520,0,0,0,0,0,0,514,1270,0,2,1
521,0,0,0,0,0,0,514,1271,0,2,1
522,0,0,0,0,0,0,514,1272,0,2,1
523,0,0,0,0,0,0,514,1273,0,2,1
524,0,0,0,0,0,0,514,1274,0,2,1
525,0,0,0,0,0,0,514,1275,0,2,1
526,0,0,0,0,0,0,514,1276,0,2,1
527,0,0,0,0,0,0,514,1277,0,2,1
528,0,0,0,0,0,0,514,1278,0,2,1
529,0,0,0,0,0,0,514,1279,0,2,1
530,0,0,0,0,0,0,514,1280,0,2,1
531,349,349,349,349,349,349,0,1242,0,2,1
532,350,350,350,350,350,350,0,1242,0,2,1
533,351,351,351,351,351,351,0,1242,0,2,1
534,352,352,352,352,352,352,0,1242,0,2,1
535,353,353,353,353,353,353,0,1242,0,2,1
536,354,354,354,354,354,354,0,1242,0,2,1
537,355,355,355,355,355,355,0,1242,0,2,1
538,356,356,356,356,356,356,0,1242,0,2,1
539,357,357,357,357,357,357,0,1242,0,2,1
540,358,358,358,358,358,358,0,1242,0,2,1
541,359,359,359,359,359,359,0,1242,0,2,1
542,360,360,360,360,360,360,0,1242,0,2,1
543,361,361,361,361,361,361,0,1242,0,2,1
544,362,362,362,362,362,362,0,1242,0,2,1
545,363,363,363,363,363,363,0,1242,0,2,1
546,364,364,364,364,364,364,0,1242,0,2,1
547,0,0,0,0,0,0,0,0,0,1,0
548,0,0,0,0,0,0,0,0,0,1,0
549,0,0,0,0,0,0,0,0,0,1,0
550,0,0,0,0,0,0,0,0,0,1,0
551,0,0,0,0,0,0,0,0,0,1,0
552,0,0,0,551,557,0,557,551,0,2,4
553,0,0,0,0,0,0,0,0,0,1,0
554,0,0,0,0,0,0,0,0,0,1,0
555,0,0,0,0,0,0,0,0,0,1,0
556,0,0,0,1254,1254,0,1254,1254,0,2,1
557,0,0,0,0,0,0,0,0,0,1,0
558,0,0,0,0,0,0,0,0,0,1,0
559,0,0,0,0,0,0,0,0,0,1,0
560,0,0,0,0,0,0,0,0,0,1,0
561,560,560,560,560,560,560,560,560,560,2,1
562,561,561,561,561,561,561,561,561,561,2,1
563,0,0,0,1004,1004,0,1004,1004,0,2,1
564,0,0,0,0,0,0,563,563,563,2,6
565,0,0,0,0,0,0,0,0,0,1,0
566,0,0,0,0,0,0,565,565,0,2,3
567,0,0,0,0,0,0,0,0,0,1,0
568,0,0,0,0,0,0,0,0,0,1,0
569,0,0,0,570,570,0,570,570,0,2,1
570,0,0,0,0,0,0,0,0,0,1,0
571,0,0,0,1296,1296,0,1296,1296,0,2,1
572,0,0,0,0,0,0,0,0,0,1,0
573,0,0,0,0,0,0,0,0,0,1,0
574,0,0,0,0,0,0,0,0,0,1,0
575,0,0,0,0,0,0,0,0,0,1,0
576,0,0,0,0,0,0,0,0,0,1,0
577,0,0,0,0,0,0,0,0,0,1,0
578,907,907,907,907,907,907,907,907,907,2,1
579,0,0,0,0,0,0,0,0,0,1,0
580,0,0,0,0,0,0,0,0,0,1,0
581,0,0,0,0,0,0,0,0,0,1,0
582,0,0,0,0,0,0,0,0,0,1,0
583,0,0,0,0,0,0,0,0,0,1,0
584,0,0,0,0,0,0,0,0,0,1,0
585,0,0,0,0,0,0,0,0,0,1,0
586,0,0,0,0,0,0,0,0,0,1,0
587,0,0,0,0,0,0,0,0,0,1,0
588,0,0,0,0,0,0,0,0,0,1,0
589,0,0,0,0,0,0,0,0,0,1,0
590,0,0,0,0,0,0,0,0,0,1,0
591,0,0,0,0,0,0,0,0,0,1,0
592,0,0,0,0,0,0,0,0,0,1,0
593,0,0,0,0,0,0,0,0,0,1,0
594,0,0,0,0,0,0,0,0,0,1,0
595,0,0,0,0,0,0,0,0,0,1,0
596,0,0,0,0,0,0,0,0,0,1,0
597,0,0,0,0,0,0,0,0,0,1,0
598,1227,1227,1227,1227,1227,1227,1227,1227,1227,2,1
599,1228,1228,1228,1228,1228,1228,1228,1228,1228,2,1
600,1229,1229,1229,1229,1229,1229,1229,1229,1229,2,1
601,0,0,0,1288,1288,0,1288,1288,0,2,1
602,0,0,0,0,0,0,0,0,0,1,0
603,0,0,0,0,0,0,0,0,0,1,0
604,0,0,0,0,0,0,0,0,0,1,0
605,0,0,0,0,0,0,0,0,0,1,0
606,0,0,0,0,0,0,0,0,0,1,0
607,0,0,0,0,0,0,0,0,0,1,0
608,0,0,0,0,0,0,0,0,0,1,0
609,0,0,0,0,0,0,0,0,0,1,0
610,0,0,0,0,0,0,0,0,0,1,0
611,0,0,0,0,0,0,0,0,0,1,0
612,0,0,0,0,0,0,0,0,0,1,0
613,0,0,0,0,0,0,0,0,0,1,0
614,0,0,0,0,0,0,0,0,0,1,0
615,0,0,0,0,0,0,0,0,0,1,0
616,0,0,0,0,0,0,555,615,0,2,1
617,0,0,0,0,0,0,0,0,0,1,0
618,0,0,0,0,0,0,0,0,0,1,0
619,0,0,0,0,0,0,0,0,0,1,0
620,0,0,0,0,0,0,0,0,0,1,0
621,0,0,0,0,0,0,0,0,0,1,0
622,0,0,0,0,0,0,0,0,0,1,0
623,0,0,0,0,0,0,0,0,0,1,0
624,0,0,0,0,0,0,0,0,0,1,0
625,0,0,0,0,0,0,0,0,0,1,0
626,0,0,0,0,0,0,0,0,0,1,0
627,0,0,0,0,0,0,0,0,0,1,0
628,0,0,0,0,0,0,0,0,0,1,0
629,0,0,0,0,0,0,0,0,0,1,0
630,0,0,0,0,0,0,0,0,0,1,0
631,0,0,0,0,0,0,0,0,0,1,0
632,0,0,0,0,0,0,0,0,0,1,0
633,0,0,0,0,0,0,0,0,0,1,0
634,0,0,0,0,0,0,0,0,0,1,0
635,0,0,0,0,0,0,0,0,0,1,0
636,0,0,0,0,0,0,0,0,0,1,0
637,0,0,0,0,0,0,0,0,0,1,0
638,0,0,0,0,0,0,0,0,0,1,0
639,0,0,0,0,0,0,0,0,0,1,0
640,0,0,0,0,0,0,0,0,0,1,0
641,0,0,0,0,0,0,0,0,0,1,0
642,0,0,0,0,0,0,0,0,0,1,0
643,0,0,0,0,0,0,0,0,0,1,0
644,0,0,0,0,0,0,0,0,0,1,0
645,0,0,0,0,0,0,0,0,0,1,0
646,0,0,0,0,0,0,0,0,0,1,0
647,0,0,0,0,0,0,0,0,0,1,0
648,0,0,0,0,0,0,0,0,0,1,0
649,0,0,0,0,0,0,0,0,0,1,0
650,0,0,0,0,0,0,0,0,0,1,0
651,0,0,0,0,0,0,0,0,0,1,0
652,0,0,0,0,0,0,0,0,0,1,0
653,0,0,0,0,0,0,0,0,0,1,0
654,0,0,0,0,0,0,0,0,0,1,0
655,0,0,0,0,0,0,0,0,0,1,0
656,0,0,0,0,0,0,0,0,0,1,0
657,0,0,0,0,0,0,0,0,0,1,0
658,0,0,0,0,0,0,0,0,0,1,0
659,0,0,0,0,0,0,0,0,0,1,0
660,0,0,0,0,0,0,0,0,0,1,0
661,0,0,0,0,0,0,0,0,0,1,0
662,0,0,0,0,0,0,0,0,0,1,0
663,0,0,0,0,0,0,0,0,0,1,0
664,0,0,0,0,0,0,0,0,0,1,0
665,0,0,0,0,0,0,0,0,0,1,0
666,0,0,0,0,0,0,0,0,0,1,0
667,0,0,0,0,0,0,0,0,0,1,0
668,0,0,0,0,0,0,0,0,0,1,0
669,0,0,0,0,0,0,0,0,0,1,0
670,0,0,0,0,0,0,0,0,0,1,0
671,0,0,0,0,0,0,0,0,0,1,0
672,0,0,0,0,0,0,0,0,0,1,0
673,0,0,0,0,0,0,0,0,0,1,0
674,0,0,0,0,0,0,0,0,0,1,0
675,0,0,0,0,0,0,0,0,0,1,0
676,0,0,0,0,0,0,0,0,0,1,0
677,0,0,0,0,0,0,0,0,0,1,0
678,0,0,0,0,0,0,0,0,0,1,0
679,0,0,0,0,0,0,0,0,0,1,0
680,0,0,0,0,0,0,0,0,0,1,0
681,0,0,0,0,0,0,0,0,0,1,0
682,0,0,0,0,0,0,0,0,0,1,0
683,0,0,0,0,0,0,0,0,0,1,0
684,0,0,0,0,0,0,0,0,0,1,0
685,0,0,0,0,0,0,0,0,0,1,0
686,0,0,0,0,0,0,1055,0,0,2,1
687,0,0,0,0,0,0,0,0,0,1,0
688,0,0,0,0,0,0,0,0,0,1,0
689,0,0,0,0,0,0,0,0,0,1,0
690,0,0,0,0,0,0,0,0,0,1,0
691,0,0,0,0,0,0,0,0,0,1,0
692,0,0,0,0,0,0,0,0,0,1,0
693,0,0,0,0,0,0,0,0,0,1,0
694,0,0,0,0,0,0,0,0,0,1,0
695,0,0,0,0,0,0,0,0,0,1,0
696,0,0,0,0,0,0,0,0,0,1,0
697,1063,1063,1063,1063,1063,1063,1063,1063,1063,2,1
698,0,0,0,0,0,0,0,0,0,1,0
699,0,0,0,0,0,0,0,0,0,1,0
700,0,0,0,0,0,0,0,0,0,1,0
701,0,0,0,0,0,0,0,0,0,1,0
702,0,0,0,0,0,0,0,0,0,1,0
703,0,0,0,0,0,0,0,0,0,1,0
704,0,0,0,0,0,0,0,0,0,1,0
705,0,0,0,0,0,0,0,0,0,1,0
706,0,0,0,0,0,0,0,0,0,1,0
707,0,0,0,0,0,0,0,0,0,1,0
708,0,0,0,0,0,0,0,0,0,1,0
709,0,0,0,0,0,0,0,0,0,1,0
710,0,0,0,0,0,0,0,0,0,1,0
711,0,0,0,0,0,0,0,0,0,1,0
712,0,0,0,0,0,0,0,0,0,1,0
713,0,0,0,0,0,0,0,0,0,1,0
714,0,0,0,0,0,0,0,0,0,1,0
715,0,0,0,0,0,0,0,0,0,1,0
716,0,0,0,0,0,0,0,0,0,1,0
717,0,0,0,0,0,0,0,0,0,1,0
718,0,0,0,0,0,0,0,0,0,1,0
719,0,0,0,0,0,0,0,0,0,1,0
720,0,0,0,0,0,0,0,0,0,1,0
721,0,0,0,0,0,0,0,0,0,1,0
722,0,0,0,0,0,0,0,0,0,1,0
723,0,0,0,0,0,0,0,0,0,1,0
724,0,0,0,0,0,0,0,0,0,1,0
725,0,0,0,0,0,0,0,0,0,1,0
726,0,0,0,0,0,0,0,0,0,1,0
727,0,0,0,0,0,0,0,0,0,1,0
728,729,1225,0,0,0,0,0,0,0,4,1
729,0,0,0,0,0,0,0,0,0,1,0
730,1055,1055,1055,1055,1055,1055,1055,1055,1055,2,1
731,0,0,0,0,0,0,0,0,0,1,0
732,0,0,0,0,0,0,0,0,0,1,0
733,0,0,0,732,749,0,0,0,0,2,1
734,1244,1244,1244,1244,1244,1244,1244,1244,1244,2,1
735,0,0,0,0,0,0,0,0,0,1,0
736,0,0,0,1249,1249,0,1249,1249,0,2,1
737,1253,1253,1253,1253,1253,1253,1253,1253,1253,2,1
738,0,0,0,1098,1098,0,1098,1098,0,2,1
739,0,0,0,0,0,0,0,0,0,1,0
740,0,0,0,0,0,0,0,0,0,1,0
741,0,0,0,0,0,0,0,0,0,1,0
742,0,0,0,0,0,0,0,0,0,1,0
743,0,0,0,0,0,0,0,0,0,1,0
744,0,0,0,0,0,0,0,0,0,1,0
745,0,0,0,0,0,0,0,0,0,1,0
746,0,0,0,0,0,0,0,0,0,1,0
747,0,0,0,0,0,0,0,0,0,1,0
748,0,0,0,0,0,0,0,0,0,1,0
749,0,0,0,1225,0,0,1242,0,0,2,4
750,1225,0,0,1242,0,0,576,0,0,2,4
750,1225,0,0,1242,0,0,577,0,0,2,4
751,0,0,0,841,0,0,1242,0,0,2,1
752,1235,1235,1235,1235,749,1235,1235,1235,1235,2,1
753,1235,1235,1235,1235,750,1235,1235,1235,1235,2,1
754,0,0,0,1259,0,0,1262,0,0,2,4
755,0,841,0,841,601,841,0,841,0,2,1
756,0,0,0,5,5,0,5,5,0,2,1
757,0,0,0,0,1237,0,145,145,145,2,1
758,1284,1284,0,5,5,0,5,5,0,2,1
759,1243,1243,0,5,5,0,5,5,0,2,1
760,1237,1237,0,5,5,0,5,5,0,2,1
761,0,0,0,1242,147,1242,5,0,5,2,1
762,0,0,0,848,848,0,5,5,0,2,1
763,150,150,150,150,0,150,150,150,150,2,1
763,192,192,192,192,,192,192,192,192,2,1
763,267,267,267,267,,267,267,267,267,2,1
764,0,1,0,1,763,1,0,1,0,2,1
765,1237,1237,1237,1237,763,1237,158,158,158,2,1
766,0,1242,0,1242,1225,1242,1,1,1,2,1
767,0,1242,0,1242,576,1242,1,1,1,2,1
767,0,1242,0,1242,577,1242,1,1,1,2,1
768,294,294,294,0,1237,0,1237,1237,1237,2,1
769,0,0,0,0,0,0,0,0,0,1,0
770,0,0,0,0,0,0,0,0,0,1,0
771,7,0,7,7,0,7,7,7,7,2,1
772,5,5,5,5,841,5,5,5,5,2,1
773,5,5,5,5,1232,5,5,5,5,2,1
774,0,1285,0,1232,574,1232,574,574,574,2,1
775,446,446,446,446,833,446,446,1297,446,2,1
776,0,0,0,0,1259,0,151,151,151,2,1
777,1237,0,1237,1237,0,1237,1237,1237,1237,2,1
778,0,0,0,0,0,0,0,0,0,1,1
779,446,446,446,446,1260,446,572,572,572,2,1
780,1257,1257,1257,1257,1258,1257,1257,1257,1257,2,1
781,165,165,165,165,1241,165,165,165,165,2,1
782,1242,0,1242,1242,1242,1242,1242,0,1242,2,3
783,657,848,657,657,0,657,657,0,657,2,6
784,5,5,5,1249,1249,1249,5,5,5,2,1
785,0,0,0,0,0,0,0,0,0,1,0
786,0,0,0,0,0,0,0,0,0,1,0
787,1238,0,0,1238,0,0,1238,0,0,2,1
788,0,0,0,1282,0,1282,0,0,1282,2,1
789,0,1282,0,1305,0,1306,0,1307,0,2,1
790,1242,1242,1242,0,1242,0,1242,159,1242,2,1
791,1242,1242,1242,1242,1247,1242,1242,1242,1242,2,1
792,0,0,0,0,0,0,1251,791,0,2,1
793,1242,1242,1242,1242,349,1242,1242,1242,1242,2,1
794,5,5,5,1285,1285,1285,5,5,5,2,1
795,5,5,5,7,7,7,5,5,5,2,1
796,7,7,7,0,794,0,0,7,0,2,1
797,5,5,5,5,5,5,0,1242,0,2,1
798,299,0,299,5,5,5,5,5,5,2,1
799,18,18,18,18,18,18,0,1243,0,2,1
800,299,0,299,18,18,18,18,18,18,2,1
801,31,31,31,31,31,31,0,1244,0,2,1
802,299,0,299,31,31,31,31,31,31,2,1
803,44,44,44,44,44,44,0,1245,0,2,1
804,299,0,299,44,44,44,44,44,44,2,1
805,57,57,57,57,57,57,0,1246,0,2,1
806,299,0,299,57,57,57,57,57,57,2,1
807,70,70,70,70,70,70,0,1247,0,2,1
808,299,0,299,70,70,70,70,70,70,2,1
809,83,83,83,83,83,83,0,1248,0,2,1
810,299,0,299,83,83,83,83,83,83,2,1
811,96,96,96,96,96,96,0,1249,0,2,1
812,299,0,299,96,96,96,96,96,96,2,1
813,107,107,107,107,107,107,0,1250,0,2,1
814,299,0,299,107,107,107,107,107,107,2,1
815,123,123,123,123,123,123,0,1251,0,2,1
816,299,0,299,123,123,123,123,123,123,2,1
817,136,136,136,136,136,136,0,1252,0,2,1
818,299,0,299,136,136,136,136,136,136,2,1
819,5,5,5,5,0,5,5,5,5,2,1
819,5,18,31,44,0,57,70,83,96,2,1
820,5,7,5,5,0,5,5,7,5,2,1
821,572,572,572,572,833,572,572,572,572,2,1
822,573,573,573,601,601,601,573,573,573,2,1
823,0,0,0,0,0,0,0,0,0,1,0
824,0,0,0,0,0,0,0,0,0,1,0
825,0,0,0,0,0,0,0,0,0,1,0
826,0,0,0,0,0,0,0,0,0,1,0
827,0,0,0,0,0,0,0,0,0,1,0
828,0,0,0,0,0,0,0,0,0,1,0
829,0,0,0,0,0,0,0,0,0,1,0
830,0,0,0,0,0,0,0,0,0,1,0
831,0,0,0,0,0,0,0,0,0,1,0
832,0,0,0,0,0,0,0,0,0,1,0
833,0,0,0,0,0,0,1292,918,0,2,1
834,0,0,0,0,0,0,0,0,0,1,0
835,0,0,0,0,0,0,0,0,0,1,0
836,0,0,0,0,0,0,0,0,0,1,0
837,0,0,0,0,0,0,0,0,0,1,0
838,0,0,0,0,0,0,0,0,0,1,0
839,0,0,0,0,0,0,0,0,0,1,0
840,0,0,0,0,0,0,0,0,0,1,0
841,0,0,0,0,0,0,302,0,0,2,9
842,0,0,0,751,302,751,145,145,145,2,1
843,0,751,0,751,1233,751,145,145,145,2,1
844,0,841,0,841,734,841,0,841,0,2,1
845,0,0,0,1242,0,0,150,0,0,2,1
846,0,0,0,0,1234,0,1234,746,1234,2,1
847,1237,0,0,1242,0,0,5,0,0,2,2
848,0,0,0,0,0,0,0,0,0,1,0
849,446,446,446,1233,1233,1233,7,7,7,2,1
850,5,5,5,150,1237,150,150,841,150,2,1
851,0,0,0,1253,0,0,851,0,0,2,1
852,150,150,150,150,1006,150,150,841,150,2,1
853,150,150,150,150,0,150,150,841,150,2,1
854,1237,0,1237,1237,819,1237,0,1237,0,2,1
855,0,0,0,0,0,0,847,819,0,2,1
856,150,150,150,841,841,841,150,150,150,2,1
857,1239,0,1239,1239,1242,1239,1239,841,1239,2,6
858,1237,0,1237,1237,148,1237,1237,841,1237,2,6
859,1237,0,1237,1237,1242,1237,1237,0,1237,2,16
860,1237,1242,1237,1237,841,1237,1237,1242,1237,2,6
861,0,0,0,1237,0,1237,1237,1237,1237,2,1
862,0,0,0,904,0,0,0,638,0,2,1
863,0,0,0,0,0,0,819,861,0,2,1
864,0,0,0,0,0,0,763,861,0,2,1
865,0,0,0,904,0,0,0,1057,0,2,1
866,0,0,0,0,0,0,819,926,0,2,1
867,0,0,0,0,0,0,819,867,0,2,1
868,1289,558,1289,558,1289,558,1289,558,1289,2,1
869,0,5,0,0,1242,0,0,1242,0,2,1
870,5,5,5,0,1242,0,0,1242,0,2,1
871,5,5,0,5,1242,0,0,1242,0,2,1
872,5,5,0,0,1242,0,0,1242,0,2,1
873,0,150,0,0,1242,0,0,1242,0,2,1
874,150,150,150,0,1242,0,0,1242,0,2,1
875,150,150,0,150,1242,0,0,1242,0,2,1
876,150,150,0,0,1242,0,0,1242,0,2,1
877,0,1237,0,0,1242,0,0,1242,0,2,1
878,1237,1237,1237,0,1242,0,0,1242,0,2,1
879,1237,1237,0,1237,1242,0,0,1242,0,2,1
880,1237,1237,0,0,1242,0,0,1242,0,2,1
881,0,1239,0,0,1242,0,0,1242,0,2,1
882,1239,1239,1239,0,1242,0,0,1242,0,2,1
883,1239,1239,0,1239,1242,0,0,1242,0,2,1
884,1239,1239,0,0,1242,0,0,1242,0,2,1
885,0,970,0,0,1242,0,0,1242,0,2,1
886,970,970,970,0,1242,0,0,1242,0,2,1
887,970,970,0,970,1242,0,0,1242,0,2,1
888,970,970,0,0,1242,0,0,1242,0,2,1
889,1325,885,1241,0,0,0,0,0,0,5,1
890,1325,886,1241,0,0,0,0,0,0,5,1
891,1325,887,1241,0,0,0,0,0,0,5,1
892,1325,888,1241,0,0,0,0,0,0,5,1
893,0,0,0,1237,0,1237,0,1237,0,2,1
894,0,0,0,0,0,0,0,0,0,1,0
895,0,0,0,0,0,0,0,0,0,1,0
896,0,0,0,0,0,0,0,0,0,1,0
897,0,0,0,0,0,0,0,0,0,1,0
898,0,0,0,0,0,0,0,0,0,1,0
899,0,0,0,0,0,0,0,0,0,1,0
900,0,0,0,0,0,0,0,0,0,1,0
901,0,0,0,0,0,0,0,0,0,1,0
902,0,0,0,0,0,0,0,0,0,1,0
903,0,0,0,0,0,0,0,0,0,1,0
904,0,0,1242,0,1242,848,1242,0,848,2,1
905,0,0,0,0,0,0,1237,1242,0,2,1
906,0,0,0,1292,1225,0,0,1289,0,2,3
907,0,0,0,0,0,0,578,0,0,2,9
907,0,0,0,0,0,0,1245,0,0,2,3
908,0,0,0,0,1237,0,1237,0,0,2,1
909,1246,0,0,1238,0,0,1242,0,0,2,1
910,0,0,0,0,0,0,0,0,0,1,0
911,848,848,0,848,1253,0,0,0,848,2,1
912,0,1237,0,1237,841,1237,0,1237,0,2,1
913,1263,1263,1263,1263,912,1263,1263,1263,1263,2,1
914,0,1239,0,1239,841,1239,0,1239,0,2,1
915,1238,0,0,1234,0,0,1234,0,0,2,1
916,1284,1284,1284,1284,912,1284,1284,1284,1284,2,1
917,0,0,0,1285,1250,0,0,1246,0,2,1
918,0,0,0,0,0,0,0,0,0,1,0
919,0,0,0,0,0,0,0,0,0,1,0
920,0,0,0,0,0,0,1289,1284,0,2,3
921,0,0,0,1289,0,0,1289,1284,0,2,3
922,0,0,0,1289,1289,0,1289,1284,0,2,3
923,0,0,0,0,0,0,0,0,0,1,0
924,0,0,0,0,0,0,868,861,0,2,1
925,0,0,0,0,0,0,854,861,0,2,1
926,0,0,0,5,0,5,5,5,5,2,1
927,0,0,0,18,0,18,18,18,18,2,1
928,0,0,0,0,0,0,819,927,0,2,1
929,0,0,0,31,0,31,31,31,31,2,1
930,0,0,0,0,0,0,819,929,0,2,1
931,0,0,0,44,0,44,44,44,44,2,1
932,0,0,0,0,0,0,819,931,0,2,1
933,0,0,0,57,0,57,57,57,57,2,1
934,0,0,0,0,0,0,819,933,0,2,1
935,0,0,0,70,0,70,70,70,70,2,1
936,0,0,0,0,0,0,819,925,0,2,1
937,0,0,0,83,0,83,83,83,83,2,1
938,0,0,0,0,0,0,819,937,0,2,1
939,0,0,0,96,0,96,96,96,96,2,1
940,0,0,0,0,0,0,819,939,0,2,1
941,0,0,0,107,0,107,107,107,107,2,1
942,0,0,0,0,0,0,0,0,0,1,0
943,0,0,0,0,0,0,0,0,0,1,0
944,0,0,0,0,0,0,0,0,0,1,0
945,0,0,0,0,0,0,0,0,0,1,0
946,0,0,0,0,0,0,0,0,0,1,0
947,0,0,0,0,0,0,0,0,0,1,0
948,0,0,0,0,0,0,0,0,0,1,0
949,0,0,0,0,0,0,0,0,0,1,0
950,0,0,0,0,0,0,0,0,0,1,0
951,0,0,0,0,0,0,0,0,0,1,0
952,0,0,0,0,0,0,0,0,0,1,0
953,0,0,0,0,0,0,0,0,0,1,0
954,0,0,0,0,0,0,0,0,0,1,0
955,0,0,0,0,0,0,0,0,0,1,0
956,0,0,0,0,0,0,0,0,0,1,0
957,0,0,0,0,0,0,0,0,0,1,0
958,0,0,0,0,0,0,0,0,0,1,0
959,0,0,0,0,0,0,0,0,0,1,0
960,0,0,0,0,0,0,0,0,0,1,0
961,0,0,0,0,0,0,0,0,0,1,0
962,0,0,0,0,0,0,0,0,0,1,0
963,1264,1264,1264,1264,1264,1264,1264,1264,1264,2,1
964,0,0,0,0,0,0,0,0,0,1,0
965,0,0,0,0,0,0,0,0,0,1,0
966,0,5,0,0,5,0,0,1242,0,2,1
967,0,150,0,0,150,0,0,1242,0,2,1
968,0,1239,0,0,1239,0,0,1242,0,2,1
969,0,1237,0,0,1237,0,0,1242,0,2,1
970,0,1232,0,0,1232,0,0,1242,0,2,1
971,1325,970,1242,0,0,0,0,0,0,5,1
972,0,0,0,0,0,0,0,0,0,1,0
973,5,1237,5,5,5,5,0,5,0,2,1
974,0,0,0,1247,1247,1247,1247,0,1247,2,1
975,1247,0,1247,1247,1247,1247,1247,1247,1247,2,1
976,1247,1247,1247,1247,0,1247,1247,0,1247,2,1
977,0,0,0,1247,0,1247,1247,0,1247,2,1
978,0,0,0,0,0,0,0,0,0,1,0
979,0,0,0,0,0,0,0,0,0,1,0
980,0,0,0,0,0,0,0,0,0,1,0
981,0,0,0,0,0,0,0,0,0,1,0
982,0,0,0,1237,1237,1237,1237,0,1237,2,1
983,1237,0,1237,1237,1237,1237,1237,1237,1237,2,1
984,1237,1237,1237,1237,0,1237,1237,0,1237,2,1
985,0,0,0,1237,0,1237,1237,0,1237,2,1
986,0,0,0,1232,1232,1232,1232,0,1232,2,1
987,1232,0,1232,1232,1232,1232,1232,1232,1232,2,1
988,1232,1232,1232,1232,0,1232,1232,0,1232,2,1
989,0,0,0,1232,0,1232,1232,0,1232,2,1
990,0,0,0,1239,1239,1239,1239,0,1239,2,1
991,1239,0,1239,1239,1239,1239,1239,1239,1239,2,1
992,1239,1239,1239,1239,0,1239,1239,0,1239,2,1
993,0,0,0,1239,0,1239,1239,0,1239,2,1
994,1325,986,1241,0,0,0,0,0,0,5,1
995,1325,987,1241,0,0,0,0,0,0,5,1
996,1325,988,1241,0,0,0,0,0,0,5,1
997,1325,989,1241,0,0,0,0,0,0,5,1
998,1325,0,1241,1252,1252,1252,1252,0,1252,2,1
999,1247,0,1247,1247,1247,1247,1247,0,1247,2,1
1000,0,0,0,0,0,0,0,0,0,1,0
1001,0,0,0,0,0,0,0,0,0,1,0
1002,0,0,0,0,0,0,0,0,0,1,0
1003,0,0,0,0,0,0,0,0,0,1,0
1004,0,0,0,0,0,0,0,0,0,1,0
1005,0,0,0,0,0,0,0,0,0,1,0
1006,0,1242,848,1242,0,848,0,1242,848,2,1
1007,1242,1237,1242,848,847,848,0,1242,0,2,1
1008,1243,0,0,1242,0,0,1246,0,0,2,1
1009,0,1288,0,1288,1008,1288,0,1288,0,2,2
1010,1183,1183,1183,1183,847,1183,1183,1183,1183,2,8
1011,1184,1184,1184,1184,847,1184,1184,1184,1184,2,8
1012,1185,1185,1185,1185,847,1185,1185,1185,1185,2,8
1013,1186,1186,1186,1186,847,1186,1186,1186,1186,2,8
1014,1187,1187,1187,1187,847,1187,1187,1187,1187,2,8
1015,1188,1188,1188,1188,847,1188,1188,1188,1188,2,8
1016,1189,1189,1189,1189,847,1189,1189,1189,1189,2,8
1017,1190,1190,1190,1190,847,1190,1190,1190,1190,2,8
1018,1191,1191,1191,1191,847,1191,1191,1191,1191,2,8
1019,1192,1192,1192,1192,847,1192,1192,1192,1192,2,8
1020,1193,1193,1193,1193,847,1193,1193,1193,1193,2,8
1021,1194,1194,1194,1194,847,1194,1194,1194,1194,2,8
1022,1195,1195,1195,1195,847,1195,1195,1195,1195,2,8
1023,1196,1196,1196,1196,847,1196,1196,1196,1196,2,8
1024,1197,1197,1197,1197,847,1197,1197,1197,1197,2,8
1025,1198,1198,1198,1198,847,1198,1198,1198,1198,2,8
1026,1199,1199,1199,1199,847,1199,1199,1199,1199,2,8
1027,1200,1200,1200,1200,847,1200,1200,1200,1200,2,8
1028,1201,1201,1201,1201,847,1201,1201,1201,1201,2,8
1029,1202,1202,1202,1202,847,1202,1202,1202,1202,2,8
1030,1203,1203,1203,1203,847,1203,1203,1203,1203,2,8
1031,1204,1204,1204,1204,847,1204,1204,1204,1204,2,8
1032,1205,1205,1205,1205,847,1205,1205,1205,1205,2,8
1033,1206,1206,1206,1206,847,1206,1206,1206,1206,2,8
1034,1207,1207,1207,1207,847,1207,1207,1207,1207,2,8
1035,1208,1208,1208,1208,847,1208,1208,1208,1208,2,8
1036,1209,1209,1209,1209,847,1209,1209,1209,1209,2,8
1037,1210,1210,1210,1210,847,1210,1210,1210,1210,2,8
1038,1211,1211,1211,1211,847,1211,1211,1211,1211,2,8
1039,1212,1212,1212,1212,847,1212,1212,1212,1212,2,8
1040,1213,1213,1213,1213,847,1213,1213,1213,1213,2,8
1041,1214,1214,1214,1214,847,1214,1214,1214,1214,2,8
1042,1215,1215,1215,1215,847,1215,1215,1215,1215,2,8
1043,1216,1216,1216,1216,847,1216,1216,1216,1216,2,8
1044,1217,1217,1217,1217,847,1217,1217,1217,1217,2,8
1045,1218,1218,1218,1218,847,1218,1218,1218,1218,2,8
1046,1219,1219,1219,1219,847,1219,1219,1219,1219,2,8
1047,1220,1220,1220,1220,847,1220,1220,1220,1220,2,8
1048,1221,1221,1221,1221,847,1221,1221,1221,1221,2,8
1049,1222,1222,1222,1222,847,1222,1222,1222,1222,2,8
1050,1223,1223,1223,1223,847,1223,1223,1223,1223,2,8
1051,1224,1224,1224,1224,847,1224,1224,1224,1224,2,8
1052,0,0,0,0,0,0,0,0,0,1,0
1053,1239,1239,1239,1239,1051,1239,1239,1239,1239,2,1
1054,0,0,0,0,0,0,0,0,0,1,0
1055,0,0,0,0,0,0,0,0,0,1,0
1056,0,0,0,0,0,0,0,0,0,1,0
1057,0,0,0,0,0,0,0,0,0,1,0
1058,1236,1236,1236,1236,1057,1236,1236,1236,1236,2,1
1059,0,0,0,0,0,0,0,0,0,1,0
1060,1059,1225,0,0,0,0,0,0,0,4,1
1061,0,0,0,0,0,0,0,0,0,1,0
1062,0,0,0,0,0,0,0,0,0,1,0
1063,696,1225,0,0,0,0,0,0,0,4,1
1064,0,0,0,0,0,0,0,0,0,1,0
1065,1064,1225,0,0,0,0,0,0,0,4,1
1066,0,0,0,0,0,0,0,0,0,1,0
1067,1066,1225,0,0,0,0,0,0,0,4,1
1068,0,0,0,0,0,0,0,0,0,1,0
1069,1068,1225,0,0,0,0,0,0,0,4,1
1070,0,0,0,0,0,0,0,0,0,1,0
1071,1070,1225,0,0,0,0,0,0,0,4,1
1072,0,0,0,0,0,0,0,0,0,1,0
1073,1072,1225,0,0,0,0,0,0,0,4,1
1074,0,0,0,0,0,0,0,0,0,1,0
1075,1074,1225,0,0,0,0,0,0,0,4,1
1076,0,0,0,0,0,0,0,0,0,1,0
1077,1076,1225,0,0,0,0,0,0,0,4,1
1078,0,0,0,0,0,0,0,0,0,1,0
1079,0,0,0,0,0,0,0,0,0,1,0
1080,0,0,0,0,0,0,1244,1244,1244,2,1
1081,0,0,0,0,0,0,1244,684,1244,2,1
1082,903,903,903,1293,1005,1293,1244,1244,1244,2,1
1083,0,0,0,731,1293,0,0,1005,0,2,1
1084,0,0,0,0,0,0,0,0,0,1,0
1085,0,0,0,0,0,0,0,0,0,1,0
1086,0,0,0,636,635,0,0,1281,0,2,1
1087,1062,1062,1062,1062,1062,1062,0,1281,0,2,1
1088,0,1073,0,1057,1060,636,0,1281,0,2,1
1089,0,0,0,636,635,0,1281,645,0,2,1
1090,0,0,0,636,635,0,1281,636,0,2,1
1091,0,0,0,636,635,0,1281,644,0,2,1
1091,0,0,0,636,635,0,1281,642,0,2,1
1092,0,0,0,636,635,0,1281,652,0,2,1
1093,0,0,0,636,635,0,1281,653,0,2,1
1094,0,0,0,636,635,0,1281,651,0,2,1
1095,0,0,0,636,635,0,1281,643,0,2,1
1095,0,0,0,636,635,0,1281,654,0,2,1
1096,0,0,0,636,635,0,1281,647,0,2,1
1096,0,0,0,636,635,0,1281,648,0,2,1
1096,0,0,0,636,635,0,1281,649,0,2,1
1096,0,0,0,636,635,0,1281,650,0,2,1
1097,0,0,0,636,635,0,1281,660,0,2,1
1098,0,0,0,1287,1287,738,1287,1287,0,2,4
1099,0,0,0,0,0,0,0,0,0,1,0
1100,1292,1292,1099,0,0,0,0,0,0,3,1
1101,1288,1292,1099,0,0,0,0,0,0,3,1
1102,692,1292,1099,0,0,0,0,0,0,3,1
1103,1058,1292,1102,0,0,0,0,0,0,3,1
1104,841,1292,1103,0,0,0,0,0,0,3,1
1105,1291,1292,1102,0,0,0,0,0,0,3,1
1106,841,1292,1105,0,0,0,0,0,0,3,1
1107,1294,1292,1102,0,0,0,0,0,0,3,1
1108,841,1292,1107,0,0,0,0,0,0,3,1
1109,1288,1292,1107,0,0,0,0,0,0,3,1
1110,1296,1292,1102,0,0,0,0,0,0,3,1
1111,841,1292,1110,0,0,0,0,0,0,3,1
1112,1293,1292,1102,0,0,0,0,0,0,3,1
1113,841,1292,1112,0,0,0,0,0,0,3,1
1114,1288,1292,1112,0,0,0,0,0,0,3,1
1115,1291,1292,1107,0,0,0,0,0,0,3,1
1115,1291,1292,1112,0,0,0,0,0,0,3,1
1116,841,1292,1115,0,0,0,0,0,0,3,1
1117,1288,1292,1115,0,0,0,0,0,0,3,1
1118,998,1292,1102,0,0,0,0,0,0,3,1
1119,841,1292,1119,0,0,0,0,0,0,3,1
1120,1288,1292,1119,0,0,0,0,0,0,3,1
1121,1088,1292,1102,0,0,0,0,0,0,3,1
1122,841,1292,1121,0,0,0,0,0,0,3,1
1123,1295,1292,1102,0,0,0,0,0,0,3,1
1124,1288,1292,1123,0,0,0,0,0,0,3,1
1125,1291,1292,1127,0,0,0,0,0,0,3,1
1125,1291,1292,1123,0,0,0,0,0,0,3,1
1126,1288,1292,1125,0,0,0,0,0,0,3,1
1126,1288,1292,1129,0,0,0,0,0,0,3,1
1126,1288,1292,1124,0,0,0,0,0,0,3,1
1127,1085,1292,1102,0,0,0,0,0,0,3,1
1128,841,1292,1127,0,0,0,0,0,0,3,1
1129,1288,1292,1127,0,0,0,0,0,0,3,1
1130,1297,1292,1102,0,0,0,0,0,0,3,1
1131,841,1292,1130,0,0,0,0,0,0,3,1
1132,1288,1292,1130,0,0,0,0,0,0,3,1
1133,1292,1292,1102,0,0,0,0,0,0,3,1
1134,841,1292,1133,0,0,0,0,0,0,3,1
1135,1288,1292,1133,0,0,0,0,0,0,3,1
1136,1291,1292,1099,0,0,0,0,0,0,3,1
1137,841,1292,1136,0,0,0,0,0,0,3,1
1138,0,0,0,0,0,0,0,0,0,1,0
1139,1298,1292,1102,0,0,0,0,0,0,3,1
1140,841,1292,1139,0,0,0,0,0,0,3,1
1141,1289,1292,1099,0,0,0,0,0,0,3,1
1142,1289,1292,1100,0,0,0,0,0,0,3,1
1143,1289,1292,1101,0,0,0,0,0,0,3,1
1144,1289,1292,1102,0,0,0,0,0,0,3,1
1145,1289,1292,1103,0,0,0,0,0,0,3,1
1146,1289,1292,1104,0,0,0,0,0,0,3,1
1147,1289,1292,1105,0,0,0,0,0,0,3,1
1148,1289,1292,1106,0,0,0,0,0,0,3,1
1149,1289,1292,1107,0,0,0,0,0,0,3,1
1150,1289,1292,1108,0,0,0,0,0,0,3,1
1151,1289,1292,1109,0,0,0,0,0,0,3,1
1152,1289,1292,1110,0,0,0,0,0,0,3,1
1153,1289,1292,1111,0,0,0,0,0,0,3,1
1154,1289,1292,1112,0,0,0,0,0,0,3,1
1155,1289,1292,1113,0,0,0,0,0,0,3,1
1156,1289,1292,1114,0,0,0,0,0,0,3,1
1157,1289,1292,1115,0,0,0,0,0,0,3,1
1158,1289,1292,1116,0,0,0,0,0,0,3,1
1159,1289,1292,1117,0,0,0,0,0,0,3,1
1160,1289,1292,1118,0,0,0,0,0,0,3,1
1161,1289,1292,1119,0,0,0,0,0,0,3,1
1162,1289,1292,1120,0,0,0,0,0,0,3,1
1163,1289,1292,1121,0,0,0,0,0,0,3,1
1164,1289,1292,1122,0,0,0,0,0,0,3,1
1165,1289,1292,1123,0,0,0,0,0,0,3,1
1166,1289,1292,1124,0,0,0,0,0,0,3,1
1167,1289,1292,1125,0,0,0,0,0,0,3,1
1168,1289,1292,1126,0,0,0,0,0,0,3,1
1169,1289,1292,1127,0,0,0,0,0,0,3,1
1170,1289,1292,1128,0,0,0,0,0,0,3,1
1171,1289,1292,1129,0,0,0,0,0,0,3,1
1172,1289,1292,1130,0,0,0,0,0,0,3,1
1173,1289,1292,1131,0,0,0,0,0,0,3,1
1174,1289,1292,1132,0,0,0,0,0,0,3,1
1175,1289,1292,1133,0,0,0,0,0,0,3,1
1176,1289,1292,1134,0,0,0,0,0,0,3,1
1177,1289,1292,1135,0,0,0,0,0,0,3,1
1178,1289,1292,1136,0,0,0,0,0,0,3,1
1179,1289,1292,1137,0,0,0,0,0,0,3,1
1180,0,0,0,0,0,0,0,0,0,1,0
1181,1289,1292,1139,0,0,0,0,0,0,3,1
1182,1289,1292,1140,0,0,0,0,0,0,3,1
1183,1290,1292,1141,0,0,0,0,0,0,3,1
1184,1290,1292,1142,0,0,0,0,0,0,3,1
1185,1290,1292,1143,0,0,0,0,0,0,3,1
1186,1290,1292,1144,0,0,0,0,0,0,3,1
1187,1290,1292,1145,0,0,0,0,0,0,3,1
1188,1290,1292,1146,0,0,0,0,0,0,3,1
1189,1290,1292,1147,0,0,0,0,0,0,3,1
1190,1290,1292,1148,0,0,0,0,0,0,3,1
1191,1290,1292,1149,0,0,0,0,0,0,3,1
1192,1290,1292,1150,0,0,0,0,0,0,3,1
1193,1290,1292,1151,0,0,0,0,0,0,3,1
1194,1290,1292,1152,0,0,0,0,0,0,3,1
1195,1290,1292,1153,0,0,0,0,0,0,3,1
1196,1290,1292,1154,0,0,0,0,0,0,3,1
1197,1290,1292,1155,0,0,0,0,0,0,3,1
1198,1290,1292,1156,0,0,0,0,0,0,3,1
1199,1290,1292,1157,0,0,0,0,0,0,3,1
1200,1290,1292,1158,0,0,0,0,0,0,3,1
1201,1290,1292,1159,0,0,0,0,0,0,3,1
1202,1290,1292,1160,0,0,0,0,0,0,3,1
1203,1290,1292,1161,0,0,0,0,0,0,3,1
1204,1290,1292,1162,0,0,0,0,0,0,3,1
1205,1290,1292,1163,0,0,0,0,0,0,3,1
1206,1290,1292,1164,0,0,0,0,0,0,3,1
1207,1290,1292,1165,0,0,0,0,0,0,3,1
1208,1290,1292,1166,0,0,0,0,0,0,3,1
1209,1290,1292,1167,0,0,0,0,0,0,3,1
1210,1290,1292,1168,0,0,0,0,0,0,3,1
1211,1290,1292,1169,0,0,0,0,0,0,3,1
1212,1290,1292,1170,0,0,0,0,0,0,3,1
1213,1290,1292,1171,0,0,0,0,0,0,3,1
1214,1290,1292,1172,0,0,0,0,0,0,3,1
1215,1290,1292,1173,0,0,0,0,0,0,3,1
1216,1290,1292,1174,0,0,0,0,0,0,3,1
1217,1290,1292,1175,0,0,0,0,0,0,3,1
1218,1290,1292,1176,0,0,0,0,0,0,3,1
1219,1290,1292,1177,0,0,0,0,0,0,3,1
1220,1290,1292,1178,0,0,0,0,0,0,3,1
1221,1290,1292,1179,0,0,0,0,0,0,3,1
1222,0,0,0,0,0,0,0,0,0,1,0
1223,1290,1292,1181,0,0,0,0,0,0,3,1
1224,1290,1292,1182,0,0,0,0,0,0,3,1
1225,0,0,0,0,0,0,293,0,0,2,9
1225,579,1225,0,0,0,0,0,0,0,4,1
1225,580,1225,0,0,0,0,0,0,0,4,1
1226,1,1225,0,0,0,0,0,0,0,4,1
1227,0,0,0,0,0,0,598,0,0,2,9
1228,0,0,0,0,0,0,599,0,0,2,9
1229,0,0,0,0,0,0,600,0,0,2,9
1230,0,0,0,0,0,0,303,0,0,2,9
1230,589,1225,0,0,0,0,0,0,0,4,1
1230,590,1225,0,0,0,0,0,0,0,4,1
1231,0,0,0,0,0,0,304,0,0,2,9
1231,591,1225,0,0,0,0,0,0,0,4,1
1231,592,1225,0,0,0,0,0,0,0,4,1
1232,0,0,0,0,0,0,305,0,0,2,9
1232,593,1225,0,0,0,0,0,0,0,4,1
1232,594,1225,0,0,0,0,0,0,0,4,1
1233,596,1225,0,0,0,0,0,0,0,4,1
1234,0,0,0,0,0,0,0,0,0,1,0
1235,0,0,0,0,0,0,1237,0,0,2,9
1235,969,1225,0,0,0,0,0,0,0,4,1
1235,978,1225,0,0,0,0,0,0,0,4,1
1236,0,0,0,0,0,0,1239,0,0,2,9
1236,968,1225,0,0,0,0,0,0,0,4,1
1237,0,0,0,0,0,0,294,0,0,2,9
1237,1235,1235,1235,1235,1235,1235,1235,1235,1235,2,1
1237,581,1225,0,0,0,0,0,0,0,4,1
1237,582,1225,0,0,0,0,0,0,0,4,1
1237,1227,1225,0,0,0,0,0,0,0,4,1
1238,0,0,0,0,0,0,317,0,0,2,9
1238,583,1225,0,0,0,0,0,0,0,4,1
1238,584,1225,0,0,0,0,0,0,0,4,1
1238,1228,1225,0,0,0,0,0,0,0,4,1
1239,0,0,0,0,0,0,300,0,0,2,9
1239,1236,1236,1236,1236,1236,1236,1236,1236,1236,2,1
1239,585,1225,0,0,0,0,0,0,0,4,1
1239,586,1225,0,0,0,0,0,0,0,4,1
1239,1229,1225,0,0,0,0,0,0,0,4,1
1240,597,1225,0,0,0,0,0,0,0,4,1
1241,1240,1240,1240,1240,1239,1239,1239,1239,0,2,1
1241,0,0,0,0,0,0,306,0,0,2,9
1242,0,0,0,5,0,0,5,0,0,2,4
1242,0,0,0,657,0,0,657,0,0,2,1
1243,0,0,0,0,0,0,0,0,0,1,0
1244,0,0,0,0,0,0,734,0,0,2,9
1245,0,0,0,0,0,0,0,0,0,1,0
1246,0,0,0,0,0,0,0,0,0,1,0
1247,0,0,0,1248,1248,0,1248,1248,0,2,1
1248,0,0,0,0,0,0,0,0,0,1,0
1249,0,0,0,0,0,0,0,0,0,1,0
1250,0,0,0,0,0,0,0,0,0,1,0
1251,0,0,0,0,0,0,0,0,0,1,0
1252,0,0,0,0,0,0,0,0,0,1,0
1253,0,0,0,0,0,0,737,0,0,2,9
1254,0,0,0,0,0,0,0,0,0,1,0
1255,0,0,0,0,0,0,0,0,0,1,0
1256,0,0,0,0,0,0,0,0,0,1,0
1257,0,0,0,0,0,0,0,0,0,1,0
1258,0,0,0,0,0,0,0,0,0,1,0
1259,0,0,0,0,0,0,0,0,0,1,0
1260,0,0,0,0,0,0,0,0,0,1,0
1261,0,0,0,0,0,0,0,0,0,1,0
1262,1056,1225,0,0,0,0,0,0,0,4,1
1263,0,0,0,0,0,0,0,0,0,1,0
1264,0,0,0,0,0,0,0,0,0,1,0
1265,0,0,0,0,0,0,907,0,0,2,1
1265,0,0,0,0,0,0,653,0,0,2,1
1266,0,0,0,1265,1268,0,1265,0,0,2,3
1266,0,0,0,0,0,0,1265,1267,0,2,2
1266,0,0,0,0,0,0,646,0,0,2,1
1266,0,0,0,0,0,0,651,0,0,2,1
1266,0,0,0,0,0,0,649,0,0,2,1
1267,0,0,0,0,0,0,1265,1268,0,2,2
1268,0,0,0,0,0,0,1250,0,0,2,1
1268,0,0,0,0,0,0,660,0,0,2,1
1269,0,0,0,0,0,0,684,0,0,2,1
1270,0,0,0,0,0,0,643,0,0,2,1
1270,0,0,0,0,0,0,647,0,0,2,1
1270,0,0,0,0,0,0,671,0,0,2,2
1270,0,0,0,0,0,0,1062,0,0,2,1
1271,0,0,0,0,0,0,1270,1272,0,2,2
1271,0,0,0,0,0,0,648,0,0,2,1
1271,0,0,0,0,0,0,654,0,0,2,1
1272,0,0,0,0,0,0,669,0,0,2,1
1272,0,0,0,0,0,0,642,0,0,2,2
1273,0,0,0,0,0,0,1274,1265,0,2,2
1273,695,1225,0,0,0,0,0,0,0,4,1
1274,659,1225,0,0,0,0,0,0,0,4,1
1275,0,0,0,0,0,0,1274,1277,0,2,2
1275,0,0,0,0,0,0,673,0,0,2,2
1276,0,0,0,0,0,0,644,0,0,2,1
1276,0,0,0,0,0,0,1277,1265,0,2,2
1277,0,0,0,0,0,0,1231,0,0,2,1
1277,0,0,0,0,0,0,652,0,0,2,1
1278,0,0,0,0,0,0,1277,1270,0,2,2
1279,0,0,0,0,0,0,1278,1280,0,2,2
1279,0,0,0,1270,1277,0,1265,0,0,2,3
1279,0,0,0,1280,1270,0,1277,1277,0,2,4
1279,0,0,0,0,0,0,645,0,0,2,1
1279,0,0,0,0,0,0,670,0,0,2,2
1280,0,0,0,0,0,0,1265,1270,0,2,2
1280,0,0,0,0,0,0,650,0,0,2,1
1280,0,0,0,0,0,0,672,0,0,2,2
1280,0,0,0,0,0,0,655,0,0,2,1
1281,0,0,0,5,0,5,0,5,0,2,4
1282,1254,1225,0,0,0,0,0,0,0,4,1
1283,252,1225,0,0,0,0,0,0,0,4,1
1284,0,0,0,0,0,0,658,658,658,2,3
1285,0,0,0,1284,1284,0,1247,1284,0,2,1
1286,0,0,0,0,0,0,1289,1266,0,2,1
1287,0,0,0,446,0,446,0,446,0,2,3
1288,0,0,0,0,0,0,0,0,0,1,0
1289,0,0,0,0,0,0,0,0,0,1,0
1290,0,0,0,0,0,0,0,0,0,1,0
1291,0,0,0,635,1293,0,0,1085,0,2,1
1292,0,0,0,0,0,0,1259,0,0,2,2
1293,0,0,0,0,0,0,658,0,0,2,2
1293,0,0,0,0,0,0,1098,0,0,2,1
1294,0,0,0,0,0,0,0,0,0,1,0
1295,1236,1236,1236,1236,1055,1236,1236,1236,1236,2,1
1296,0,0,0,0,0,0,1292,1253,0,2,1
1297,0,0,0,0,0,0,0,0,0,1,0
1298,0,0,0,0,0,0,0,0,0,1,0
1299,0,0,0,0,0,0,1284,651,0,2,1
1300,0,0,0,0,0,0,1284,827,0,2,1
1301,0,0,0,0,0,0,1284,825,0,2,1
1302,0,0,0,0,0,0,1284,1054,0,2,1
1303,0,0,0,0,0,0,0,0,0,1,0
1304,0,0,0,0,0,0,0,0,0,1,0
1305,0,0,0,0,0,0,0,0,0,1,0
1306,0,0,0,0,0,0,0,0,0,1,0
1307,0,0,0,0,0,0,0,0,0,1,0
1308,0,0,0,0,0,0,0,0,0,1,0
1309,0,0,0,0,0,0,0,0,0,1,0
1310,0,0,0,0,0,0,0,0,0,1,0
1311,0,0,0,0,0,0,0,0,0,1,0
1312,0,0,0,0,0,0,0,0,0,1,0
1313,0,0,0,0,0,0,0,0,0,1,0
1314,0,0,0,0,0,0,0,0,0,1,0
1315,0,0,0,0,0,0,0,0,0,1,0
1316,0,0,0,0,0,0,0,0,0,1,0
1317,0,0,0,0,0,0,0,0,0,1,0
1318,0,0,0,0,0,0,0,0,0,1,0
1319,0,0,0,0,0,0,0,0,0,1,0
1320,0,0,0,0,0,0,0,0,0,1,0
1321,0,0,0,0,0,0,0,0,0,1,0
1322,0,0,0,0,0,0,0,0,0,1,0
1323,0,0,0,0,0,0,0,0,0,1,0
1324,0,0,0,0,0,0,0,0,0,1,0
1325,1232,1325,1232,1232,252,1232,1232,1232,1232,2,2
1326,1232,1326,1232,1232,150,1232,1232,1232,1232,2,2
1327,1232,1327,1232,1232,150,1232,1232,1232,1232,2,2
1328,1232,1328,1232,1232,154,1232,1232,1232,1232,2,2
1329,1232,1329,1232,1232,150,1232,1232,1232,1232,2,2
1330,1232,1330,1232,1232,221,1232,1232,1232,1232,2,2
1331,1232,1331,1232,1232,381,1232,1232,1232,1232,2,2
1332,1232,1332,1232,1232,381,1232,1232,1232,1232,2,2
1333,1232,1333,1232,1232,381,1232,1232,1232,1232,2,2
1334,1232,1334,1232,1232,381,1232,1232,1232,1232,2,2
1335,1232,1335,1232,1232,192,1232,1232,1232,1232,2,2
1336,1232,1336,1232,1232,192,1232,1232,1232,1232,2,2
1337,1232,1337,1232,1232,242,1232,1232,1232,1232,2,2
1338,1232,1338,1232,1232,267,1232,1232,1232,1232,2,2
1339,1232,1339,1232,1232,252,1232,1232,1232,1232,2,2
1340,1232,1340,1232,1232,284,1232,1232,1232,1232,2,2
1341,1232,1341,1232,1232,289,1232,1232,1232,1232,2,2
1342,0,0,0,0,0,0,0,0,0,1,0
